INSERT INTO user_account (id, email, nickname, password, refresh_token, refresh_token_expires_at, role, username) VALUES
    (1,'testUser1@email.com','user1nickname','{bcrypt}$2a$10$zMkKFp/yEWzPdZwhaf0wp.QSOnT.0OgGEEhKXV/7sZJW2YzkyHt22',NULL,NULL,'USER','user1'),
    (2,'testUser2@email.com','user2nickname','{bcrypt}$2a$10$9JG9DnEnrl3fOjE3Gdtm0etY88SNdG28AT22g7FmSL/tHT6uUme46',NULL,NULL,'USER','user2'),
    (3,'testUser3@email.com','user3nickname','{bcrypt}$2a$10$6vTMjja9Za8te/vU3emequHnuYKu99eNk2gRYTjPV272kdzlf1KFO',NULL,NULL,'USER','user3');

INSERT INTO actor (id, name, profile_path) VALUES
    (1,'Johnny Carson','https://image.tmdb.org/t/p/w185/sSltRe7S82Zw29lMRGLeEoL2PUu.jpg'),
    (2,'지미 팰런','https://image.tmdb.org/t/p/w185/h9kYouEP6VrM8GkS2jl7jMDKbwu.jpg'),
    (3,'Steve Higgins','https://image.tmdb.org/t/p/w185/yia3GOqqCVfiNISWFjcqih88f1j.jpg'),
    (4,'Wolfgang Bahro','https://image.tmdb.org/t/p/w185/hGwwtRfwnRg5Q7bfCQ8NlmPxUKO.jpg'),
    (5,'Anne Menden','https://image.tmdb.org/t/p/w185/iq2fCO6g1xBDToe3hKSo0J9A6Cw.jpg'),
    (6,'세스 마이어스','https://image.tmdb.org/t/p/w185/nCcvpJFHWYHfu5oPxTOyA1uSdqA.jpg'),
    (7,'스티븐 콜베어','https://image.tmdb.org/t/p/w185/zQ6pvfqIqYiV4TB7lDoaJL52H93.jpg'),
    (8,'쿠보 유리카','https://image.tmdb.org/t/p/w185/tpzwj1J6HRq2H6xZjM5Irg7FzT2.jpg'),
    (9,'粕谷大介','https://image.tmdb.org/t/p/w185/qBUJXWxdHgA5nD75bPi3T0c4VoL.jpg'),
    (10,'우에사카 스미레','https://image.tmdb.org/t/p/w185/AbouCe2WVBHvMlBm9NnG7GHyJpa.jpg'),
    (11,'토미타 미유','https://image.tmdb.org/t/p/w185/rSR17l4HdchLkhpRuAZbGbXNmUS.jpg'),
    (12,'Craig Ferguson','https://image.tmdb.org/t/p/w185/mBxNrOxdQeM7bVBveE47Syj9ES6.jpg'),
    (13,'Andy Cohen','https://image.tmdb.org/t/p/w185/eZrNjW7RQgkhwfcBw0qGTLPVgf4.jpg'),
    (14,'Dirk Galuba','https://image.tmdb.org/t/p/w185/yYjGRTKpBW2XHaBfoA8ilJtmXDq.jpg'),
    (15,'Sepp Schauer','https://image.tmdb.org/t/p/w185/9uULTWVv1p4CR5LUfIvt2lo0HP3.jpg'),
    (16,'Antje Hagen','https://image.tmdb.org/t/p/w185/8r3c92gsghsNFlf40GUMuCIGIb9.jpg'),
    (17,'Katharina Scheuba','https://image.tmdb.org/t/p/w185/kzSllD6gMH1wevK3S8gY196FA1l.jpg'),
    (18,'Michel Cordes','https://image.tmdb.org/t/p/w185/bjZCeUoijC5WKVtOXLJybbxHe9D.jpg'),
    (19,'Laurent Kerusoré','https://image.tmdb.org/t/p/w185/j5TrKscirrGlDCgKfCVvUi7GhFH.jpg'),
    (20,'Éléonore Sarrazin','https://image.tmdb.org/t/p/w185/rAhGVKidwE1ZfmXE9MoxH4vGYaG.jpg'),
    (21,'Cécilia Hornus','https://image.tmdb.org/t/p/w185/bbaFaqPoywxRGmypJJEFliLx7QB.jpg'),
    (22,'Rebecca Hampton','https://image.tmdb.org/t/p/w185/4jlGAkNfly8wrm3af6vIjpBgizt.jpg'),
    (23,'Pep Anton Muñoz','https://image.tmdb.org/t/p/w185/40iTPQeUJW3hwLr7So4g4NmD6Fh.jpg'),
    (24,'Aleix Rengel',NULL),
    (25,'Bernat Quintana','https://image.tmdb.org/t/p/w185/bqexL0mwynTRqZkxvJR1KrYZTHq.jpg'),
    (26,'Marc Clotet','https://image.tmdb.org/t/p/w185/sbO12BzVBcz6sfyc9eAmT7ZHPgX.jpg'),
    (27,'Montse Guallar','https://image.tmdb.org/t/p/w185/2ZWu1Ct9umA9O9iIZzaBBylwQ93.jpg'),
    (28,'Link Neal','https://image.tmdb.org/t/p/w185/nkNxzM4AYcQQswu3y7oOY5Kovfa.jpg'),
    (29,'Rhett McLaughlin','https://image.tmdb.org/t/p/w185/JJoUGFBGQCilaY7vOZeHCaupzW.jpg'),
    (30,'데이비드 레터맨','https://image.tmdb.org/t/p/w185/nk1rMabb84e52G2oax6yO9FBiAd.jpg'),
    (31,'Paul Shaffer','https://image.tmdb.org/t/p/w185/j6SqQZDOAXUFPyFNNEYwzuAoZCz.jpg'),
    (32,'Alan Kalter',NULL),
    (33,'Kristen Welker',NULL),
    (34,'Chuck Todd',NULL),
    (35,'마리슈카 하기테이','https://image.tmdb.org/t/p/w185/7tULgPSy5hksTi7mBF9uOnrrzHX.jpg'),
    (36,'Ice-T','https://image.tmdb.org/t/p/w185/96TdPckI16ggfHcPrSFf6bHYLLe.jpg'),
    (37,'피터 스카나비노','https://image.tmdb.org/t/p/w185/kQzX89Ar4rEC1wwHcuDMr0YxUve.jpg'),
    (38,'Octavio Pisano','https://image.tmdb.org/t/p/w185/pGd6zEplbaI5oCJwwOXZ1Ueox1C.jpg'),
    (39,'Kevin Kane','https://image.tmdb.org/t/p/w185/e0yDVCropmYrjJxHaVX0gxCiYiL.jpg'),
    (40,'Roberto Alpi','https://image.tmdb.org/t/p/w185/tyigCfwwYXAOwVZVotyH4V7PlG.jpg'),
    (41,'Elisabetta Coraini','https://image.tmdb.org/t/p/w185/1Gk6kdplo4MuCgHXz4TgReyhdBF.jpg'),
    (42,'Marianna De Micheli','https://image.tmdb.org/t/p/w185/i2zjclUDVqV6yhLkeKvt5xG2Fza.jpg'),
    (43,'Michele D''Anca','https://image.tmdb.org/t/p/w185/st43z86rCXjShl7PhylXciz8Yy7.jpg'),
    (44,'Alessandro Mario','https://image.tmdb.org/t/p/w185/nu4lqENR8qTHysryeksfnicvQEe.jpg'),
    (45,'Yves Lecoq','https://image.tmdb.org/t/p/w185/5zevgL12G0wccqmSRSHnCvPsdsY.jpg'),
    (46,'Daniel Herzog','https://image.tmdb.org/t/p/w185/dBGJrJ76tT3dHxSv35l7Zg52iPA.jpg'),
    (47,'Cyril Valade','https://image.tmdb.org/t/p/w185/hVGrgp2m5kmEGjN9K4dSOKGBVPn.jpg'),
    (48,'Boris Scheigam',NULL),
    (49,'제임스 코든','https://image.tmdb.org/t/p/w185/xGB0gfZ48M27gQjjL7inJIh1Pqj.jpg'),
    (50,'Reggie Watts','https://image.tmdb.org/t/p/w185/4498ocedmBNnMIKtnMUGO8yIesx.jpg'),
    (51,'엘렌 폼페오','https://image.tmdb.org/t/p/w185/yPd4G2RcjXQPNWkKUPbWh5v1flC.jpg'),
    (52,'Chandra Wilson','https://image.tmdb.org/t/p/w185/bsrrhxZgHlvQ8vkvtSOU2YNgd0g.jpg'),
    (53,'James Pickens Jr.','https://image.tmdb.org/t/p/w185/iddDcaysDQ6IVMUjJ97Bv3lTBCu.jpg'),
    (54,'Kevin McKidd','https://image.tmdb.org/t/p/w185/KtmEKOSehmQ35JfGjEjpqlypbP.jpg'),
    (55,'캐터리나 스코손','https://image.tmdb.org/t/p/w185/eLexGfeg4SyY9anPyNoh8hzKATD.jpg'),
    (56,'Harald Schmidt','https://image.tmdb.org/t/p/w185/dPlgKtBPmmbQJfbovq43GzE3fxj.jpg'),
    (57,'Manuel Andrack','https://image.tmdb.org/t/p/w185/1AD74ehAmUcDJeIBG2L5sSru7aM.jpg'),
    (58,'Helmut Zerlett','https://image.tmdb.org/t/p/w185/r8gKau9pzIwtpvGyxrwBXAzjRAa.jpg'),
    (59,'Coco Martin','https://image.tmdb.org/t/p/w185/tlGnbkOApm1z0pjLkq0MCphpHsd.jpg'),
    (60,'Julia Montes','https://image.tmdb.org/t/p/w185/3rurxpHMUrkSHAIVAGj1Lrg47H2.jpg'),
    (61,'Susan Roces','https://image.tmdb.org/t/p/w185/aXgTBZR1xkMniRzMsamfweLnI01.jpg'),
    (62,'Jaime Fabregas','https://image.tmdb.org/t/p/w185/qStLsemB2fj8dkaHcVKvNCHnODG.jpg'),
    (63,'John Arcilla','https://image.tmdb.org/t/p/w185/8ZeZmLE9nMUeTxSATeaCGSjhpRD.jpg'),
    (64,'Richard Bacon','https://image.tmdb.org/t/p/w185/sm9ygsErWm00owyuRj2YZVnYZIT.jpg'),
    (65,'Fearne Cotton','https://image.tmdb.org/t/p/w185/vmmNALj0tR9ZzmV8FmykQ00QnxF.jpg'),
    (66,'Reggie Yates','https://image.tmdb.org/t/p/w185/eO5SQzSRcdfz0bdF8CtVyMnxhrg.jpg'),
    (67,'Edith Bowman','https://image.tmdb.org/t/p/w185/iccnca4C9YqWM8zUWQljIsf07qV.jpg'),
    (68,'Rufus Hound','https://image.tmdb.org/t/p/w185/qQ12GMxUellg1lQEQOtMi0qyW3T.jpg'),
    (69,'마르쿠스 란츠','https://image.tmdb.org/t/p/w185/xxayvzBbRIpZt4Aow3zf7uYQulm.jpg'),
    (70,'Steef Hupkes',NULL),
    (71,'Sydney Tros',NULL),
    (72,'Noël van Kleef','https://image.tmdb.org/t/p/w185/1ZNklienWQD9X1BqmFRwlRxF0c8.jpg'),
    (73,'Thorn Roos de Vries','https://image.tmdb.org/t/p/w185/i9luC4qpLEBvwVsNSg4nkFFrLpd.jpg'),
    (74,'Lieke Hammink',NULL),
    (75,'Johannes B. Kerner','https://image.tmdb.org/t/p/w185/dARM0FZiujRi8SvWCF48tXvb0He.jpg'),
    (76,'Zoltán Szőke','https://image.tmdb.org/t/p/w185/TQaY1xYb2qtrncM0VguVtmfSDW.jpg'),
    (77,'Izabella Varga','https://image.tmdb.org/t/p/w185/xs62bVx6BM53PJ8azd3HdK1sUof.jpg'),
    (78,'Virág Pásztor','https://image.tmdb.org/t/p/w185/vxyGiLAtjYFNcNinO4kNPdVTI1M.jpg'),
    (79,'Edina Som-Balogh','https://image.tmdb.org/t/p/w185/u0OMYtsv7MapoXDqbafgGH1raRv.jpg'),
    (80,'Jane Pauley','https://image.tmdb.org/t/p/w185/gRCDgDZyltMKaIcoz9pZfDCCmWu.jpg'),
    (81,'앤더슨 쿠퍼','https://image.tmdb.org/t/p/w185/p2p0b6NSJb37DdCZSRtatva1Ob9.jpg'),
    (82,'케빈 베이컨','https://image.tmdb.org/t/p/w185/rjX2Oz3tCZMfSwOoIAyEhdtXnTE.jpg'),
    (83,'제니퍼 네틀스','https://image.tmdb.org/t/p/w185/s6IDogtE93cMaMe4EYBjUeXVOV4.jpg'),
    (84,'베스 그랜트','https://image.tmdb.org/t/p/w185/6THLoPYhIu422TqUmQDgnQRfYxA.jpg'),
    (85,'데이먼 헤리먼','https://image.tmdb.org/t/p/w185/wMCYFY8qzKEvg9Jq6cQmLnHHyLl.jpg'),
    (86,'Maxwell Jenkins','https://image.tmdb.org/t/p/w185/1fLzPGmVqAuktboeneJ3Ru1ab2v.jpg'),
    (87,'Ingrid Chauvin','https://image.tmdb.org/t/p/w185/3jwzhV4LBAEDdXYTY80eUSBpPtv.jpg'),
    (88,'Charlotte Valandrey','https://image.tmdb.org/t/p/w185/fEvqPs4fPgbgAsAt5edoQwfzCOs.jpg'),
    (89,'Alexandre Brasseur','https://image.tmdb.org/t/p/w185/6fmUMUKXkmGUMadlqK2kM7IMYBk.jpg'),
    (90,'Lorie Pester','https://image.tmdb.org/t/p/w185/rojuzjvu695rwALgkyL6MU7ugay.jpg'),
    (91,'Samy Gharbi','https://image.tmdb.org/t/p/w185/cfGW4kAMro1NR4UEWm8BBYxkdIF.jpg'),
    (92,'Arthel Neville',NULL),
    (93,'Debbie Matenopoulos','https://image.tmdb.org/t/p/w185/fySlq8QW6Iyv9pZDCsdwnNyz7rE.jpg'),
    (94,'Steve Edwards',NULL),
    (95,'Miguel Hermoso Arnao','https://image.tmdb.org/t/p/w185/l0QwjBjj0mfeUZq1LRf1d2GtXEQ.jpg'),
    (96,'Mónica Estarreado','https://image.tmdb.org/t/p/w185/3eHgH5lUJjxnDc9HY64qlN1Yc55.jpg'),
    (97,'Berta de la Dehesa','https://image.tmdb.org/t/p/w185/vIHklIL5ODK4nmicuoEw6LzQ8GU.jpg'),
    (98,'Roberto Correcher','https://image.tmdb.org/t/p/w185/sz6BDLWhhnqH0I0mBp502BUv9Ra.jpg'),
    (99,'Patricia Montero','https://image.tmdb.org/t/p/w185/wz9Gt0MLasT09yDUiPPL6dGPKbk.jpg'),
    (100,'Silvan-Pierre Leirich',NULL),
    (101,'Tatjana Clasing','https://image.tmdb.org/t/p/w185/r25Vjin4alureerHFfmNPYssbG4.jpg'),
    (102,'André Dietz',NULL),
    (103,'Sam Eisenstein',NULL),
    (104,'Igor Dolgatschew','https://image.tmdb.org/t/p/w185/jp5h9zE4GBNbFwLAQRC7kwzuedT.jpg'),
    (105,'Sergio Corona','https://image.tmdb.org/t/p/w185/zHqkaB2uNGEh0zN3smzvxyyyozM.jpg'),
    (106,'Steve Allen','https://image.tmdb.org/t/p/w185/smfesYmaX6pfZefpYU6L69ePwiG.jpg'),
    (107,'Bill Cullen','https://image.tmdb.org/t/p/w185/7CaJsun5OrlvC9DQqmrwHjjkj8T.jpg'),
    (108,'Henry Morgan','https://image.tmdb.org/t/p/w185/yN9iAQkWuqid3eeKCmI2gzX4cyE.jpg'),
    (109,'Betsy Palmer','https://image.tmdb.org/t/p/w185/isZD80T79h8xptSI91sQM69lZVi.jpg'),
    (110,'Bess Myerson','https://image.tmdb.org/t/p/w185/zIZp2vIXzizFtClBIenurBpCTvp.jpg'),
    (111,'Mingus Claessen','https://image.tmdb.org/t/p/w185/t2ijqksU1Fs6DO4gijPgoDeCh4N.jpg'),
    (112,'Jasmine Sendar','https://image.tmdb.org/t/p/w185/yA3ikKwnpVqqUOlUOxgUcsM0U0b.jpg'),
    (113,'반 타이토','https://image.tmdb.org/t/p/w185/3UpUfEdpZTRr5xNOXNgZeM90Rxu.jpg'),
    (114,'나카무라 겐타','https://image.tmdb.org/t/p/w185/bl3pu2fsaNfHqnZQSDugY4V1CE0.jpg'),
    (115,'미카와 하루나','https://image.tmdb.org/t/p/w185/nsrFjmDDzo4FDMhxyvuVk4mPEH3.jpg'),
    (116,'우에다 레이나','https://image.tmdb.org/t/p/w185/hlzrvBzeSYejeaTSZDvEWE44Qjj.jpg'),
    (117,'히라카와 다이스케','https://image.tmdb.org/t/p/w185/8uDi5NxFdxFvfVyo4n5CeOSLWEf.jpg'),
    (118,'Alanis Guillen','https://image.tmdb.org/t/p/w185/rxQO1zfEQWufJRg7byKTEzifPXL.jpg'),
    (119,'Pedro Novaes','https://image.tmdb.org/t/p/w185/h6njcEeWsKMa3S0kHtJbVmgEs9M.jpg'),
    (120,'Palomma Duarte','https://image.tmdb.org/t/p/w185/58EzJ7meYzEColuNh89BHGbG9Nn.jpg'),
    (121,'Joaquim Lopes','https://image.tmdb.org/t/p/w185/wsDDgcJX6gvHHBrsQFJVc43Xtbm.jpg'),
    (122,'Roger Gobeth','https://image.tmdb.org/t/p/w185/hXVwxRJIuHNOGyCvF5J847vJN08.jpg'),
    (123,'Guy Fieri','https://image.tmdb.org/t/p/w185/lLNRByilZdZodbZdkPo67TfNE8R.jpg'),
    (124,'大原めぐみ','https://image.tmdb.org/t/p/w185/zelZQmq65MaiSeDIiqEpZOINIxd.jpg'),
    (125,'水田わさび','https://image.tmdb.org/t/p/w185/sJ4kytbg2XiERgch3k2k82FXK2B.jpg'),
    (126,'카카즈 유미','https://image.tmdb.org/t/p/w185/sVIBofobg32jmGmL0gjEDVsJdaz.jpg'),
    (127,'세키 토모카즈','https://image.tmdb.org/t/p/w185/jGQC9KkfNMh2wBgizw81GLX2KN2.jpg'),
    (128,'키무라 스바루','https://image.tmdb.org/t/p/w185/8o24ix4Lk9WduRXFDI6Nmip5Deq.jpg'),
    (129,'Mélanie Maudran','https://image.tmdb.org/t/p/w185/5QbSGo4LLm2HY8vH9tFkKQM8gsQ.jpg'),
    (130,'Moïse Santamaria','https://image.tmdb.org/t/p/w185/w224ls8qq9U7gjmOpMtjGQQANNQ.jpg'),
    (131,'네이선 필리언','https://image.tmdb.org/t/p/w185/aW6vCxkUZtwb6iH2Wf88Uq0XNVv.jpg'),
    (132,'Melissa O''Neil','https://image.tmdb.org/t/p/w185/jDR0MFSeoFeqLZ4YkbN8kZj75Fu.jpg'),
    (133,'Alyssa Diaz','https://image.tmdb.org/t/p/w185/ihLNjM4E1Fjx5h4l8EL6r3iDRTa.jpg'),
    (134,'Eric Winter','https://image.tmdb.org/t/p/w185/5fnokeM7Bi562ubR6wZnmyNTzqg.jpg'),
    (135,'Mekia Cox','https://image.tmdb.org/t/p/w185/r8RrebMle9U3Xiwl2hiD6pFdfSl.jpg'),
    (136,'코난 오브라이언','https://image.tmdb.org/t/p/w185/deRbViPut0t80miscBpP2DhBJU5.jpg'),
    (137,'Andy Richter','https://image.tmdb.org/t/p/w185/qazhLkyKOsPmdOQSaUWWbbUjs9q.jpg'),
    (138,'Christine Basson',NULL),
    (139,'David Rees',NULL),
    (140,'Shaleen Surtie-Richards','https://image.tmdb.org/t/p/w185/uzV9UPq7QuB1cUXZzARm44wedcJ.jpg'),
    (141,'Brümilda van Rensburg','https://image.tmdb.org/t/p/w185/9urqsB9HXi9uZNMfM0SXhHyzLab.jpg'),
    (142,'Hennie Smit',NULL),
    (143,'Johnny Gilbert','https://image.tmdb.org/t/p/w185/kaemnryG3n9coES6AwsU2YJHRnD.jpg'),
    (144,'Marita Zafra','https://image.tmdb.org/t/p/w185/pVHIK96NcFlOk6Cj9KWNRHNDeDj.jpg'),
    (145,'Inma Pérez-Quirós','https://image.tmdb.org/t/p/w185/b1IVvBKMHvaK00EAHevKyRAxVWV.jpg'),
    (146,'Rebeca Alemañy','https://image.tmdb.org/t/p/w185/v4z83tmzFvKv02QizALDZpVJ3js.jpg'),
    (147,'David V. Muro','https://image.tmdb.org/t/p/w185/6cxUWdgun01ZZMR29jsT9bk2WU7.jpg'),
    (148,'Marc Parejo','https://image.tmdb.org/t/p/w185/sWGCT0uLk7NerDUcszdbzxTSBmY.jpg'),
    (149,'켈리 리파','https://image.tmdb.org/t/p/w185/rlD0Ob2zFTppU1XP0cdMGRgDeyb.jpg'),
    (150,'Mark Consuelos','https://image.tmdb.org/t/p/w185/wz06awHQuxEwRiYgFl6f1iGLbJC.jpg'),
    (151,'켈리 클락슨','https://image.tmdb.org/t/p/w185/Anfnrg23rbDVzeAcnHtA5IB1GJq.jpg'),
    (152,'Alexandra Neldel','https://image.tmdb.org/t/p/w185/ciLvjcqiFridmZHrHMcdSEltTBr.jpg'),
    (153,'Laura Osswald','https://image.tmdb.org/t/p/w185/iuqXfgnOKU3wiphLUCFNiGe6MZi.jpg'),
    (154,'Tim Sander','https://image.tmdb.org/t/p/w185/rW6qcs4eyhUkylDi0zv3gENeFOB.jpg'),
    (155,'Georgea Regout','https://image.tmdb.org/t/p/w185/oPytEKXnxSk0To8ec3oPDJ0j07X.jpg'),
    (156,'Mathis Künzler','https://image.tmdb.org/t/p/w185/rKzO9lBsOuDtjUXmkxiScmAgEwG.jpg'),
    (157,'Filipa Areosa','https://image.tmdb.org/t/p/w185/6ySlZzjavMPn40iLYl64LfpAIgt.jpg'),
    (158,'Marta Andrino','https://image.tmdb.org/t/p/w185/xSwU3ZvwpDADa5JetGDNjYTfxKX.jpg'),
    (159,'Eva Barros','https://image.tmdb.org/t/p/w185/ykz5ZEWoWuPKzRatd2WTccKbRF8.jpg'),
    (160,'Carla Salgueiro','https://image.tmdb.org/t/p/w185/MDrLlXcSlwg5z2DTTc4p06F6L8.jpg'),
    (161,'Inês Costa','https://image.tmdb.org/t/p/w185/tyTwTglw0q1lyIP5M6h0cML99FN.jpg'),
    (162,'Timo Jurkka',NULL),
    (163,'Sami Uotila',NULL),
    (164,'Esko Kovero','https://image.tmdb.org/t/p/w185/8cB7dDvTd0k5QwFgwrdYHYChe5X.jpg'),
    (165,'Teemu Lehtilä','https://image.tmdb.org/t/p/w185/fG7no63mavZaMUqXJoKtVCBKlze.jpg'),
    (166,'Tommi Taurula','https://image.tmdb.org/t/p/w185/ywiszkD4nzsfMt65w93R9sKrMZx.jpg'),
    (167,'피터 딘클리지','https://image.tmdb.org/t/p/w185/9CAd7wr8QZyIN0E7nm8v1B6WkGn.jpg'),
    (168,'키트 해링턴','https://image.tmdb.org/t/p/w185/4MqUjb1SYrzHmFSyGiXnlZWLvBs.jpg'),
    (169,'니콜라이 코스테르발다우','https://image.tmdb.org/t/p/w185/rpFOERbHkj7GWxkinUNiQ76sSGk.jpg'),
    (170,'레나 헤디','https://image.tmdb.org/t/p/w185/5SL4Y4alOYF9EahObfsb6GaDHg4.jpg'),
    (171,'에밀리아 클라크','https://image.tmdb.org/t/p/w185/wb8VfDPGpyqcFltnRcJR1Wj3h4Z.jpg'),
    (172,'Jhenyfer Dulz','https://image.tmdb.org/t/p/w185/naCHoSMrqO1mhKBqoHc1yvnx0Tq.jpg'),
    (173,'머브 그리핀','https://image.tmdb.org/t/p/w185/tYU8HL88jJvQb4zZVJi988Jeux9.jpg'),
    (174,'William Roache','https://image.tmdb.org/t/p/w185/8CqTsBo58YI6SxE2iiuSRRLl8Jz.jpg'),
    (175,'Joel Godard',NULL),
    (176,'빌 마허','https://image.tmdb.org/t/p/w185/sVTF90nhXB3jIw05eJFklbGpnlC.jpg'),
    (177,'미셸 윌리엄스','https://image.tmdb.org/t/p/w185/mfgKyigaQLI0NtZsaJRVlbUiMdX.jpg'),
    (178,'제니 슬레이트','https://image.tmdb.org/t/p/w185/iNpXig5Djkh5moYG4TCekIATs5B.jpg'),
    (179,'제이 듀플래스','https://image.tmdb.org/t/p/w185/zDaNqdtchFBGmT6yR6prTm0rd4V.jpg'),
    (180,'Kelvin Yu','https://image.tmdb.org/t/p/w185/47m8mUsuNIEyLb3KeDpryyvK0LI.jpg'),
    (181,'David Rasche','https://image.tmdb.org/t/p/w185/bWPhfa4m8pXVneP1gf37xvuMUCA.jpg'),
    (182,'울프 블리처','https://image.tmdb.org/t/p/w185/fRL0wBVYxmjZDEUQ8PTjCs19EQR.jpg'),
    (183,'그랜트 거스틴','https://image.tmdb.org/t/p/w185/kEGU1gGySIe63lyL7AnwXEw4rQn.jpg'),
    (184,'Candice Patton','https://image.tmdb.org/t/p/w185/t9YV7TTQXkDWLmoHx8Mu3OUHqsP.jpg'),
    (185,'다니엘 파나베이커','https://image.tmdb.org/t/p/w185/faX0EDc44GL5ZcsEcxTOBcfWpCP.jpg'),
    (186,'Danielle Nicolet','https://image.tmdb.org/t/p/w185/xdXUDutVr67zKQXpH50277R4HbQ.jpg'),
    (187,'Kayla Compton','https://image.tmdb.org/t/p/w185/s5DQrvszZeLUIGdD9ryl1aMsGQv.jpg'),
    (188,'Noel Edmonds','https://image.tmdb.org/t/p/w185/1Noqcj0PhRTJNXamw2gQO75yVz0.jpg'),
    (189,'Glenn Hugill',NULL),
    (190,'Sean Murray','https://image.tmdb.org/t/p/w185/1RlMqC3qL5gKlfqyAR2xzgKjWrN.jpg'),
    (191,'Wilmer Valderrama','https://image.tmdb.org/t/p/w185/uohkEwMGIGCq4k8P2AiomuKQwYv.jpg'),
    (192,'카트리나 로','https://image.tmdb.org/t/p/w185/y7LzCN8BaoPPSXDBo0UwPQ4UwSB.jpg'),
    (193,'Brian Dietzen','https://image.tmdb.org/t/p/w185/njOHd9yWWGQrTS7btmp2vbMbQjE.jpg'),
    (194,'Rocky Carroll','https://image.tmdb.org/t/p/w185/pqjqmRChGqhDXXY7Etka3bmOatN.jpg'),
    (195,'Dick Cavett','https://image.tmdb.org/t/p/w185/7g5J47vQY2k4GzGhlJr6KdYm04P.jpg'),
    (196,'재러드 파달레키','https://image.tmdb.org/t/p/w185/hQaqkzNEHoAk9YtWlim6dEdIdbj.jpg'),
    (197,'젠슨 애클스','https://image.tmdb.org/t/p/w185/vFegIjLLQGwPn6af4SE9LAbnGNE.jpg'),
    (198,'미샤 콜린스','https://image.tmdb.org/t/p/w185/szigprnenokR4yOpELIB2rj1Er2.jpg'),
    (199,'Thomas Rühmann','https://image.tmdb.org/t/p/w185/fER6tvdxHUWLqY63TKSumRNooKK.jpg'),
    (200,'Ursula Karusseit','https://image.tmdb.org/t/p/w185/AukOs8q6ZiVGRvyvl8i4qh7WnBR.jpg'),
    (201,'Andrea-Kathrin Loewig','https://image.tmdb.org/t/p/w185/6QxpWNNUwFCRFCMTXYjaeYUwC0N.jpg'),
    (202,'Alexa Maria Surholt','https://image.tmdb.org/t/p/w185/1nwADgMdniYo4gUEu3p3SJln67o.jpg'),
    (203,'Uta Schorn','https://image.tmdb.org/t/p/w185/8lVp5VGLrFsab1orRkwCJnuIdX6.jpg'),
    (204,'댄 카스텔라네타','https://image.tmdb.org/t/p/w185/AmeqWhP4A46AWkM4kVphg6jOTQX.jpg'),
    (205,'줄리 캐브너','https://image.tmdb.org/t/p/w185/87kSPYlWcHvqOVEkhdqxysiAf6w.jpg'),
    (206,'낸시 카트라이트','https://image.tmdb.org/t/p/w185/40qNhyYJhSE2Yiy4pnXSZhdufO6.jpg'),
    (207,'야들리 스미스','https://image.tmdb.org/t/p/w185/9AjPwbb3uz4GfgOPBYsy2ILvwkB.jpg'),
    (208,'행크 아자리아','https://image.tmdb.org/t/p/w185/yFDw4b0jucuFWNnGcBPfpYUtn16.jpg'),
    (209,'Gerda Nicolson','https://image.tmdb.org/t/p/w185/lBmlp7hDMQ8Aqme4hDSssJhxkXk.jpg'),
    (210,'Maggie Kirkpatrick','https://image.tmdb.org/t/p/w185/krmJtbvppjx5m6KplHpUrmZQo4Z.jpg'),
    (211,'Janet Andrewartha','https://image.tmdb.org/t/p/w185/4xGva4UfLEe7QOHYrZs5qBsDckk.jpg'),
    (212,'Elspeth Ballantyne','https://image.tmdb.org/t/p/w185/qo7dxyXyz11b0sY7RPT6C0P61RD.jpg'),
    (213,'Louise Siversen',NULL),
    (214,'RM','https://image.tmdb.org/t/p/w185/cJmaUOIuibsC0DPnUMStN4rfAwr.jpg'),
    (215,'진','https://image.tmdb.org/t/p/w185/cothCnRmZXC63olRZ816lZoGMDc.jpg'),
    (216,'슈가','https://image.tmdb.org/t/p/w185/83xf9EkLK3k7CJSaXe3iVgBC6S3.jpg'),
    (217,'제이홉','https://image.tmdb.org/t/p/w185/2xZu36Z6JFT95AIzazyRHW51dC1.jpg'),
    (218,'지민','https://image.tmdb.org/t/p/w185/k4ow5TGQYQk9Q1XIYXAs0ax6nr2.jpg'),
    (219,'Christian Steyer','https://image.tmdb.org/t/p/w185/mjHNODhlnjheVGrwN2XPGuPay5q.jpg'),
    (220,'Jörg Junhold',NULL),
    (221,'Luisa Martín','https://image.tmdb.org/t/p/w185/wrfGHcBAqrhC2NzOUIuEFrfBsfi.jpg'),
    (222,'Roberto Álvarez','https://image.tmdb.org/t/p/w185/kTHaYBO1Dmo0ttDoAgqox6g9SdQ.jpg'),
    (223,'Eduardo Velasco','https://image.tmdb.org/t/p/w185/mt0euzusbZucgmPFrifSJS9DpdK.jpg'),
    (224,'Pepa Aniorte','https://image.tmdb.org/t/p/w185/hWuJNXMlZnWTOKVyHatiWRR6jR8.jpg'),
    (225,'Juanjo Artero','https://image.tmdb.org/t/p/w185/XdUHzzZsegAmifWmUTo5SqQJ4B.jpg'),
    (226,'Bobbie Eakes','https://image.tmdb.org/t/p/w185/j8Hst9mJjCqDDC7p3UGzgmYDHFE.jpg'),
    (227,'Michael E. Knight','https://image.tmdb.org/t/p/w185/c9RQIOMYla3zFbzYN9EAqRlgwGy.jpg'),
    (228,'Vito LoGrasso','https://image.tmdb.org/t/p/w185/hIXCkXD5hTnn4lbJVKMtV16htOx.jpg'),
    (229,'Steve Corino','https://image.tmdb.org/t/p/w185/1jkH1Xfwz0FsZC4SOx0VFPzLmJu.jpg'),
    (230,'Michael Bucci','https://image.tmdb.org/t/p/w185/iV9tOfqPr2ZolzSKnalKKZDOSrA.jpg'),
    (231,'Mark LoMonaco','https://image.tmdb.org/t/p/w185/wPcHOaCrDUhRYa49db9NAtVWIE8.jpg'),
    (232,'Christopher   Hamrick','https://image.tmdb.org/t/p/w185/51LQzWE30ZvPy2qMLrKY6AKElUw.jpg'),
    (233,'애쉬튼 커쳐','https://image.tmdb.org/t/p/w185/4QrIyEezQ9sF8YO7tvQ739GjHVy.jpg'),
    (234,'존 크라이어','https://image.tmdb.org/t/p/w185/7PB7dDNHP9l5LlCCw6GP8GjaCAE.jpg'),
    (235,'콘처터 페럴','https://image.tmdb.org/t/p/w185/1CuSudlDbvrhFSpXPckzlMfzLiJ.jpg'),
    (236,'오가타 켄이치','https://image.tmdb.org/t/p/w185/iQLEawIP2593yrGy22GzLSpnfgl.jpg'),
    (237,'肝付 兼太','https://image.tmdb.org/t/p/w185/mhD9BtpNFg3tDdd9QwTiRVClKf2.jpg'),
    (238,'三田ゆう子','https://image.tmdb.org/t/p/w185/lzrsj9hy4XWT3OdLmNQb6cFDHsr.jpg'),
    (239,'菅谷政子','https://image.tmdb.org/t/p/w185/1TG561GzoMU0y4sqwSACHn7PTpZ.jpg'),
    (240,'あきやまるな',NULL),
    (241,'Blake Chadwick','https://image.tmdb.org/t/p/w185/9waum1BtRc3dmm9APNsPtu8hDBV.jpg'),
    (242,'Brian James','https://image.tmdb.org/t/p/w185/kWD2K4uYhWZ9kv3Zh9AGLHTEVQI.jpg'),
    (243,'Filip Hammar','https://image.tmdb.org/t/p/w185/2ClbPipP7etygDn756nifAHICo6.jpg'),
    (244,'Fredrik Wikingsson','https://image.tmdb.org/t/p/w185/qwuhGpdtl7W2lugHErntPwIKqTn.jpg'),
    (245,'Marcela Kloosterboer','https://image.tmdb.org/t/p/w185/PaC018557KBQkOt99wc8ZmFV7l.jpg'),
    (246,'Susana Ortiz','https://image.tmdb.org/t/p/w185/ipVZcetLkX9kxbXLcm7gz29JUrC.jpg'),
    (247,'Horacio Peña','https://image.tmdb.org/t/p/w185/l2TToBgtYk6mDpNtpOPKQp7pTFe.jpg'),
    (248,'Chany Mallo','https://image.tmdb.org/t/p/w185/em7nocQYOLK0NsHdIBND7rvlJoR.jpg'),
    (249,'Tomás Fonzi','https://image.tmdb.org/t/p/w185/hS30Q4DHlBff0XqA90sf1cXcu6O.jpg'),
    (250,'Alban Ivanov','https://image.tmdb.org/t/p/w185/mqOnSEZb3hkq973YyQnFEaBm9mN.jpg'),
    (251,'Ophélia Kolb','https://image.tmdb.org/t/p/w185/90jLuYsywTxMGiRvrAmQ2aJgcHJ.jpg'),
    (252,'David Salles','https://image.tmdb.org/t/p/w185/7igVt8By8afea3IgJK7hhEaE0Wk.jpg'),
    (253,'Karina Marimon','https://image.tmdb.org/t/p/w185/cVy37LsXuIix8wIcv0dhf2BdaBd.jpg'),
    (254,'François Levantal','https://image.tmdb.org/t/p/w185/gKZUbm7NIQbAOQmncBIegE6VOcf.jpg'),
    (255,'김성주','https://image.tmdb.org/t/p/w185/3C1Hkef7umuLjbboSQvJtFudmpE.jpg'),
    (256,'제이 레노','https://image.tmdb.org/t/p/w185/cplpY6q2VFtR7c1gMHM50wPzdU3.jpg'),
    (257,'Pepe Ruiz','https://image.tmdb.org/t/p/w185/mijiDSFuWOckZ5GauOTN4tPCe6L.jpg'),
    (258,'Marisa Porcel','https://image.tmdb.org/t/p/w185/30EeJul0zOBkI0yArtam6E7TVDj.jpg'),
    (259,'Daniel Muriel','https://image.tmdb.org/t/p/w185/cyIPrAdmrSBLHAHBn0YenzKiLW2.jpg'),
    (260,'Soledad Mallol','https://image.tmdb.org/t/p/w185/8LHDbyNiDu1DgDPZyPgQg9raKD7.jpg'),
    (261,'Marta Poveda','https://image.tmdb.org/t/p/w185/gsQvVa5uipx5YAQ8esJevlmPjsv.jpg'),
    (262,'레슬리 비브','https://image.tmdb.org/t/p/w185/fCw9HHkG09HWsZg7KXXr8TJwgnP.jpg'),
    (263,'캐리 쿤','https://image.tmdb.org/t/p/w185/eQ5IMkPYGO6aqzturQWxGuDO1QD.jpg'),
    (264,'월튼 고긴스','https://image.tmdb.org/t/p/w185/5lcVMJbWrNDFiWa1WxK4oR8zwev.jpg'),
    (265,'세라 캐서린 훅','https://image.tmdb.org/t/p/w185/oNQ7mAN9nyeHqucJ7TBtmyraFm4.jpg'),
    (266,'제이슨 아이작스','https://image.tmdb.org/t/p/w185/s6XRFjqUsrDJfDQuXPOoExAYPmb.jpg'),
    (267,'선우','https://image.tmdb.org/t/p/w185/A0y6w4SCGMRUt4cwpbibYcflDpP.jpg'),
    (268,'에릭','https://image.tmdb.org/t/p/w185/kTdWbwtXeWqL0MRGiflk4qO9BOc.jpg'),
    (269,'Erik Van Looy','https://image.tmdb.org/t/p/w185/j77gE9eOYxax7Ae83Z906n4BWQ1.jpg'),
    (270,'Hinnerk Baumgarten',NULL),
    (271,'Inka Schneider',NULL),
    (272,'Bettina Tietjen','https://image.tmdb.org/t/p/w185/kAVjtntKpVQSbm7mFL8zP4c3ylY.jpg'),
    (273,'Kolja Spori','https://image.tmdb.org/t/p/w185/tgOlsJiyKUQQ0zYjVG5l7n615CV.jpg'),
    (274,'제이슨 모모아','https://image.tmdb.org/t/p/w185/6dEFBpZH8C8OijsynkSajQT99Pb.jpg'),
    (275,'잭 블랙','https://image.tmdb.org/t/p/w185/9QKdFKfc3Zi5XwnQHrFukFMpo5o.jpg'),
    (276,'세바스티안 유진 한센','https://image.tmdb.org/t/p/w185/8Sj3cw33AvcKXSEmWJqqSQS5BCV.jpg'),
    (277,'엠마 마이어스','https://image.tmdb.org/t/p/w185/xBJsFGAL3sOIxMUA0sMVEKKpAL4.jpg'),
    (278,'대니엘 브룩스','https://image.tmdb.org/t/p/w185/8Hzusogh24TOAvNzKqJBivF0mTf.jpg'),
    (279,'Shahid Kapoor','https://image.tmdb.org/t/p/w185/q5jqLRioZgIVjXpKS8XHx27ScDQ.jpg'),
    (280,'Pooja Hegde','https://image.tmdb.org/t/p/w185/t09lf8vem5MRk3KaALcdgehreXg.jpg'),
    (281,'Pavail Gulati','https://image.tmdb.org/t/p/w185/xXvbAiEJoshH6SX8AycDpangjrX.jpg'),
    (282,'Pravessh Rana','https://image.tmdb.org/t/p/w185/3Ob2Fz0643Yir4tSC2t0B7Sf46r.jpg'),
    (283,'Girish Kulkarni','https://image.tmdb.org/t/p/w185/mMqLm0Y42cVDvTvGZzSgYW1aYA7.jpg'),
    (284,'Zoé Marchal','https://image.tmdb.org/t/p/w185/rcgOgq5LrbCRgTpDkEBiTUbuGjK.jpg'),
    (285,'Franck Gastambide','https://image.tmdb.org/t/p/w185/jEf57uD2UG36m0aFkWXm3EMQq8l.jpg'),
    (286,'Bosh','https://image.tmdb.org/t/p/w185/tskAMCt1rJzPG9jsqP87Grc0fe0.jpg'),
    (287,'Mareva Ranarivelo','https://image.tmdb.org/t/p/w185/fxkVCZH7fVn9fcQObTHqaQM8pG0.jpg'),
    (288,'Alassane Diong','https://image.tmdb.org/t/p/w185/5PGsOQr2oDhL1uB5Coqt5I9wr0i.jpg'),
    (289,'앤서니 매키','https://image.tmdb.org/t/p/w185/eZSIDrtTzhvabyjrmIITQLsjx8h.jpg'),
    (290,'해리슨 포드','https://image.tmdb.org/t/p/w185/zVnHagUvXkR2StdOtquEwsiwSVt.jpg'),
    (291,'대니 라미레즈','https://image.tmdb.org/t/p/w185/1CMMfxwMYOme8AOrl4kZS12nJpM.jpg'),
    (292,'시라 하스','https://image.tmdb.org/t/p/w185/5mfd9yKnbo2ZjU42vmqVMgvTJ8r.jpg'),
    (293,'팀 블레이크 넬슨','https://image.tmdb.org/t/p/w185/rWuTGiAMaaHIJ30eRkQS23LbRSW.jpg'),
    (294,'데이지 리들리','https://image.tmdb.org/t/p/w185/e77LbvRk5Qu3qtsBlpgr74GnPao.jpg'),
    (295,'클라이브 오웬','https://image.tmdb.org/t/p/w185/xlWpuLgwxMnZEVgV9OID1TkUNtP.jpg'),
    (296,'태즈 스카일러','https://image.tmdb.org/t/p/w185/3EXMkfzB8EXn3ZJPJvK6OfPWLfz.jpg'),
    (297,'플라비아 왓슨','https://image.tmdb.org/t/p/w185/94QKwYWawhMniYe645xfy90y0Kc.jpg'),
    (298,'레이 피런','https://image.tmdb.org/t/p/w185/ou2cqhqdhfQoKVEBpIh0P3sKZti.jpg'),
    (299,'밀라 요보비치','https://image.tmdb.org/t/p/w185/usWnHCzbADijULREZYSJ0qfM00y.jpg'),
    (300,'데이브 바티스타','https://image.tmdb.org/t/p/w185/snk6JiXOOoRjPtHU5VMoy6qbd32.jpg'),
    (301,'Arly Jover','https://image.tmdb.org/t/p/w185/zmznPrQ9GSZwcOIUT0c3GyETwrP.jpg'),
    (302,'Amara Okereke','https://image.tmdb.org/t/p/w185/nTSPtzWu6deZTJtWXHUpACVznY4.jpg'),
    (303,'Fraser James','https://image.tmdb.org/t/p/w185/mGAPQG2OKTgdKFkp9YpvCSqcbgY.jpg'),
    (304,'가브리엘라 안드라다','https://image.tmdb.org/t/p/w185/h8cAdDqbDK2ayGIuxQQdNCzyCsb.jpg'),
    (305,'Mario Ermito','https://image.tmdb.org/t/p/w185/9HlLY9yECyYwCIaMxdaJQ5RH4FL.jpg'),
    (306,'Celia Freijeiro','https://image.tmdb.org/t/p/w185/l32Ys5nQptZLJFRtlVJXKbK704U.jpg'),
    (307,'David Solans','https://image.tmdb.org/t/p/w185/j0aKkDMqevgdXGZB8ciu9KMqE0K.jpg'),
    (308,'Alba Ribas','https://image.tmdb.org/t/p/w185/zfASs4kqXPL7CmRWmqjJovwjfsu.jpg'),
    (309,'제이슨 스타뎀','https://image.tmdb.org/t/p/w185/8FMhYekyLR4ibHQ9Kpuaqe4cVjL.jpg'),
    (310,'데이비드 하버','https://image.tmdb.org/t/p/w185/chPekukMF5SNnW6b22NbYPqAStr.jpg'),
    (311,'마이클 페나','https://image.tmdb.org/t/p/w185/ft9e3EX4JG9MwK9pXwgbJ8ZvFoV.jpg'),
    (312,'제이슨 플레밍','https://image.tmdb.org/t/p/w185/nYl0180ACnLzVlGbaAfuPtdGr9K.jpg'),
    (313,'아리아나 리바스','https://image.tmdb.org/t/p/w185/a4dRvxh2csK8pnMVz5Xrh8MrE8X.jpg'),
    (314,'로버트 패틴슨','https://image.tmdb.org/t/p/w185/8A4PS5iG7GWEAVFftyqMZKl3qcr.jpg'),
    (315,'나오미 애키','https://image.tmdb.org/t/p/w185/1MhRVn6xlShHhftRdK24HuO3TNR.jpg'),
    (316,'스티븐 연','https://image.tmdb.org/t/p/w185/5XU0L0drBa7JlGrLg2w3LhAgjG0.jpg'),
    (317,'마크 러팔로','https://image.tmdb.org/t/p/w185/5GilHMOt5PAQh6rlUKZzGmaKEI7.jpg'),
    (318,'토니 콜렛','https://image.tmdb.org/t/p/w185/lzXRh16qe4HHeBN6tMyw0DHvaMn.jpg'),
    (319,'Brian Ronan Mulroy','https://image.tmdb.org/t/p/w185/yHiZBB5TzYX9S37NEdLnth2fiLi.jpg'),
    (320,'Jamie Ohlsen','https://image.tmdb.org/t/p/w185/o8VKfApJYqrTcRDbVnnfejPbNS1.jpg'),
    (321,'Malachi Durant','https://image.tmdb.org/t/p/w185/9AierWdoxd6tsntPh78n3H45hDs.jpg'),
    (322,'Rob LaColla Jr.','https://image.tmdb.org/t/p/w185/8NfrL6fCO3FEsXAWvNlThJlpPFq.jpg'),
    (323,'Trae Ireland','https://image.tmdb.org/t/p/w185/uAVtzBoQdPpZWxM9PAcMwXg1NYe.jpg'),
    (324,'조쉬 하트넷','https://image.tmdb.org/t/p/w185/8nTEioiir92fGHcASarPxkjF6kG.jpg'),
    (325,'케이티 색코프','https://image.tmdb.org/t/p/w185/kzcwfDDrgXnVgyTfcpG0obOn7Qk.jpg'),
    (326,'Marko Zaror','https://image.tmdb.org/t/p/w185/rQ8XFdLmnfXs5x8FsttdOUrFLWa.jpg'),
    (327,'Julian Kostov','https://image.tmdb.org/t/p/w185/ra0wJCPaxx1YeyhcAmz3yqH6J5Z.jpg'),
    (328,'차리트라 찬드란','https://image.tmdb.org/t/p/w185/xLFgJmfXjd2Nnbjx3ZtavReGwjK.jpg'),
    (329,'Noah Gray-Cabey','https://image.tmdb.org/t/p/w185/tzy5rPcP8lf1F26zICxYTiB9ick.jpg'),
    (330,'Michael Grant',NULL),
    (331,'Gustav Dyekjær Giese','https://image.tmdb.org/t/p/w185/vYZteb9JuoxlXFMlhSTro3dNNne.jpg'),
    (332,'Reda Kateb','https://image.tmdb.org/t/p/w185/mvDuT7covYkAjK2Ix2VHJcvPyE0.jpg'),
    (333,'아만다 콜린','https://image.tmdb.org/t/p/w185/bFm5zt8vxD09Ez6irsJItmPigjq.jpg'),
    (334,'Christopher Wagelin','https://image.tmdb.org/t/p/w185/pqo0mTnRcRvL0zDKaK2SCIxbdPZ.jpg'),
    (335,'Jens Hultén','https://image.tmdb.org/t/p/w185/iw8oSLUaKl0zjjwRHXkpeGmtAfk.jpg'),
    (336,'Curtis Bechdholt',NULL),
    (337,'Caroline Dhavernas','https://image.tmdb.org/t/p/w185/p3yP2JVSqcZGXUeLnuiJMBXERjF.jpg'),
    (338,'Ken Godmere','https://image.tmdb.org/t/p/w185/yftBMNilvcZZlk7pLO2sXjIfraK.jpg'),
    (339,'Jeananne Goossen','https://image.tmdb.org/t/p/w185/akdvZgJskCELeQLvrzNm2EphueO.jpg'),
    (340,'Samantha Neale',NULL),
    (341,'아울리이 크러발리오','https://image.tmdb.org/t/p/w185/vEroqcnM2g6yY7qXDAie7hx2Cyp.jpg'),
    (342,'드웨인 존슨','https://image.tmdb.org/t/p/w185/5QApZVV8FUFlVxQpIK3Ew6cqotq.jpg'),
    (343,'Hualālai Chung','https://image.tmdb.org/t/p/w185/x2g5fdHqETY9dZgL4aB0QDP0boR.jpg'),
    (344,'Rose Matafeo','https://image.tmdb.org/t/p/w185/zQa39fMjbOTIsovbh1TBTJVlToz.jpg'),
    (345,'David Fane','https://image.tmdb.org/t/p/w185/tcozyaTgAa8rRmzc5qeht0loni6.jpg'),
    (346,'Martin Portlock','https://image.tmdb.org/t/p/w185/20sm5kpJkJQ0z7Sms0r8yxgudos.jpg'),
    (347,'Megan Placito','https://image.tmdb.org/t/p/w185/ynDhmYaZHWtYz8lokgMav2JBd2J.jpg'),
    (348,'Kit Green','https://image.tmdb.org/t/p/w185/iyR9PeiPsghR23uY2QHtvF71B8v.jpg'),
    (349,'Peter DeSouza-Feighoney','https://image.tmdb.org/t/p/w185/reYy9iCjdmOEdKpTkhxD4quNNMP.jpg'),
    (350,'Charity Kase','https://image.tmdb.org/t/p/w185/bPwgWKOVKuf1eRhRx80obu7Ju8Y.jpg'),
    (351,'에런 피어','https://image.tmdb.org/t/p/w185/z2cMMZyWzv5ztT6pFdAAjB3u7CQ.jpg'),
    (352,'켈빈 해리슨 주니어','https://image.tmdb.org/t/p/w185/6kpDyaZzmSbqCNYuXZUfeMwS1bq.jpg'),
    (353,'티파니 분','https://image.tmdb.org/t/p/w185/9LwqRFdSzxVtnutDUg98YLq0bSz.jpg'),
    (354,'Kagiso Lediga','https://image.tmdb.org/t/p/w185/nfqx3CqFVsAMelk6ry560SuN7Y0.jpg'),
    (355,'Preston Nyman','https://image.tmdb.org/t/p/w185/eidKvLDCRw68tG3CN6fGhvHUnW.jpg'),
    (356,'Paulina Gaitán','https://image.tmdb.org/t/p/w185/4wqQG5nVJNPh1QiL6lM9dElQL3J.jpg'),
    (357,'토니 돌턴','https://image.tmdb.org/t/p/w185/vWteTJu9Dyrax7gQq8ndTjx5s6V.jpg'),
    (358,'Patricia Reyes Spíndola','https://image.tmdb.org/t/p/w185/2f971sKYkQETqZyFN2ULEZ1SwP.jpg'),
    (359,'Enoc Leaño','https://image.tmdb.org/t/p/w185/3TOJshxqNo7fsYyBbr2xXY1VNZj.jpg'),
    (360,'Fernanda Echevarría','https://image.tmdb.org/t/p/w185/ag5uwMvjrUtNHWEcwNeELI3mZlm.jpg'),
    (361,'짐 캐리','https://image.tmdb.org/t/p/w185/u0AqTz6Y7GHPCHINS01P7gPvDSb.jpg'),
    (362,'벤 슈와츠','https://image.tmdb.org/t/p/w185/lJVYjPj0P6uvVxNrTy4xO2645D0.jpg'),
    (363,'키아누 리브스','https://image.tmdb.org/t/p/w185/8RZLOyYGsoRe9p44q3xin9QkMHv.jpg'),
    (364,'이드리스 엘바','https://image.tmdb.org/t/p/w185/be1bVF7qGX91a6c5WeRPs5pKXln.jpg'),
    (365,'콜린 오샤우너시','https://image.tmdb.org/t/p/w185/y3Kl5tCX1XD6uyL9wefTRbEXTwj.jpg'),
    (366,'Lauren Staerck','https://image.tmdb.org/t/p/w185/nLQCRFarkWMd7ZUE4iF6SBrNCvD.jpg'),
    (367,'나타샤 헨스트리지','https://image.tmdb.org/t/p/w185/lfRFm3MLOGPtaDHWTstoQfKAyLM.jpg'),
    (368,'Stephanie Lodge','https://image.tmdb.org/t/p/w185/sVRzOTJaIqa5GdldeB4GZiUbxGY.jpg'),
    (369,'Beatrice Fletcher','https://image.tmdb.org/t/p/w185/oOHpf0r1H1paNiaJtIlheLvpgis.jpg'),
    (370,'Megan Purvis','https://image.tmdb.org/t/p/w185/4YeZCndcLSQEajYo3nE6pR1PLn4.jpg'),
    (371,'Kia Dorsey','https://image.tmdb.org/t/p/w185/6zcmut5CbCansJvoyvGZFDn8mL6.jpg'),
    (372,'Zaen Haidar',NULL),
    (373,'Aiden Hughes',NULL),
    (374,'Vienna Maas',NULL),
    (375,'Emily Bennett','https://image.tmdb.org/t/p/w185/yIByRjhsfKqeUHQYFeM94oK8Iw.jpg'),
    (376,'케이트 블란쳇','https://image.tmdb.org/t/p/w185/vUuEHiAR0eD3XEJhg2DWIjymUAA.jpg'),
    (377,'마이클 패스벤더','https://image.tmdb.org/t/p/w185/e7SxBHtAxTyNE4GdOrHD7kqkukm.jpg'),
    (378,'톰 버크','https://image.tmdb.org/t/p/w185/4IHlAZ9bJ82VAd6HUOWFgo81SDq.jpg'),
    (379,'마리사 아벨라','https://image.tmdb.org/t/p/w185/xVXmTygr6PpNaBaXT0e0W5LdbFJ.jpg'),
    (380,'레게장 페이지','https://image.tmdb.org/t/p/w185/gbZ5Pf5hZ3oCVEDCLdneToXOwuM.jpg'),
    (381,'Brian Anthony Wilson','https://image.tmdb.org/t/p/w185/hclegxaGvuBIT3N6q6OrFFter6p.jpg'),
    (382,'Mike Sutton',NULL),
    (383,'Lorenzo Beronilla','https://image.tmdb.org/t/p/w185/lzD4LwcpYbSBbQ1x9d9AAGJDVxh.jpg'),
    (384,'Elizabeth Vermilyea','https://image.tmdb.org/t/p/w185/ljoBN7wG2YrxcsFTQUYNMTkLc0J.jpg'),
    (385,'Joe Bandelli','https://image.tmdb.org/t/p/w185/gg5i7GLiUBaokJ3zuEez9J9cxcm.jpg'),
    (386,'야마데라 코이치','https://image.tmdb.org/t/p/w185/biov5jENp2XYfehkcdnRvi796Wi.jpg'),
    (387,'카지 유우키','https://image.tmdb.org/t/p/w185/8wKdPV11IwowfwoqGqMMNt9hmp6.jpg'),
    (388,'카와니시 켄고','https://image.tmdb.org/t/p/w185/u59FdPSHlA7JCWNnX1m10neLfT.jpg'),
    (389,'오노 다이스케','https://image.tmdb.org/t/p/w185/5rjl28lx84JjRS0hzq3Ajvx2dhp.jpg'),
    (390,'Akira Ishida','https://image.tmdb.org/t/p/w185/kfUSe8g2XwIWMpWt3oU9cjV04FW.jpg'),
    (391,'Sarah Nicklin','https://image.tmdb.org/t/p/w185/p8xTRBrL5Z1WOqogSledn3kUnkY.jpg'),
    (392,'Scott Swope','https://image.tmdb.org/t/p/w185/p8layN9F0PUtSinpUc7ZMwAccFs.jpg'),
    (393,'Angela Relucio','https://image.tmdb.org/t/p/w185/xcSe2K9NPrUQ6EIIQZET5ci9Wjo.jpg'),
    (394,'Steven McCormack','https://image.tmdb.org/t/p/w185/1SiwS8DHHLsvRqFOIGRpeQkWY1S.jpg'),
    (395,'Mabel Thomas','https://image.tmdb.org/t/p/w185/xa9eIcl4dnKf3w3PHRvsb1Z4v3f.jpg'),
    (396,'마크 월버그','https://image.tmdb.org/t/p/w185/bTEFpaWd7A6AZVWOqKKBWzKEUe8.jpg'),
    (397,'미셸 도커리','https://image.tmdb.org/t/p/w185/pgPJGf2wAPgoC6Bp5PBJYQV7IVt.jpg'),
    (398,'토퍼 그레이스','https://image.tmdb.org/t/p/w185/oJQxl4DG0KSCtOGrpWNhYz9gUZA.jpg'),
    (399,'Leah Remini','https://image.tmdb.org/t/p/w185/19QpURecs6wDY9G46AmT7JnTchS.jpg'),
    (400,'Maaz Ali','https://image.tmdb.org/t/p/w185/o9vhi2B5f0XfwYPNAG49nrhzDFW.jpg'),
    (401,'Michele Burgers','https://image.tmdb.org/t/p/w185/pHUIatEtwwwruZugLpeHb1C45L0.jpg'),
    (402,'Sven Ruygrok','https://image.tmdb.org/t/p/w185/dUr3VBQQ5n2nHmxkpsOnvBPm9Ri.jpg'),
    (403,'Jamie-Lee Money','https://image.tmdb.org/t/p/w185/Aj9syBqU8qbm8UQJcaitQJP2wVr.jpg'),
    (404,'Lionel Newton','https://image.tmdb.org/t/p/w185/sPzNsnSAwON0oGTz9dnZqVit1nC.jpg'),
    (405,'레이첼 지글러','https://image.tmdb.org/t/p/w185/2zk0hYmVtDNVENhHbsVs2FPzP3o.jpg'),
    (406,'갤 가돗','https://image.tmdb.org/t/p/w185/qCJB1ACi5VjtY4ypXuv3hjAvbSu.jpg'),
    (407,'앤드류 버냅','https://image.tmdb.org/t/p/w185/SEFcP5hIIsmOE8G3SZxa2v8pyO.jpg'),
    (408,'제레미 스위프트','https://image.tmdb.org/t/p/w185/muRh4WbyEE4S2763bv777ywpKP3.jpg'),
    (409,'제이슨 크래비츠','https://image.tmdb.org/t/p/w185/kTaZGtOP3SR6kosdRLyeQayfjcF.jpg'),
    (410,'소피아 카슨','https://image.tmdb.org/t/p/w185/aQudxuIAd2UEGQD1YWsdrHH11Kc.jpg'),
    (411,'카일 앨런','https://image.tmdb.org/t/p/w185/utHUARepKhbw4JyDVZLhcJyKYxj.jpg'),
    (412,'Sebastian de Souza','https://image.tmdb.org/t/p/w185/aueQZSQghquLSZ4qjRQPO4GGAMS.jpg'),
    (413,'코니 브리튼','https://image.tmdb.org/t/p/w185/lxfHf4tTx5NukbemcJjmgqqFAiV.jpg'),
    (414,'José Zúñiga','https://image.tmdb.org/t/p/w185/r6nFkJkMHP9tFDohwfav9Bf2rCR.jpg'),
    (415,'Luis Alberti','https://image.tmdb.org/t/p/w185/1uf6WXebWuL0oEMM2z8ulcnRro.jpg'),
    (416,'Noé Hernández','https://image.tmdb.org/t/p/w185/l3NXUy1x5buKHawSw4xye5JW8pl.jpg'),
    (417,'Leonardo Alonso','https://image.tmdb.org/t/p/w185/3SJUI4IeqjZfG7yNh76CbkQfzfg.jpg'),
    (418,'Luis Curiel','https://image.tmdb.org/t/p/w185/5FMxoburwNLvKlYIFPEoSLDDogu.jpg'),
    (419,'Guillermo Nava','https://image.tmdb.org/t/p/w185/yKMqnDsv4rfKYOg1t4EHkIDPywQ.jpg'),
    (420,'สโรชา จันทร์กิมฮะ','https://image.tmdb.org/t/p/w185/xX6EZ24ZRFp8THxrAVLkL7Z0i4R.jpg'),
    (421,'Becky Armstrong','https://image.tmdb.org/t/p/w185/nu8S97BFcsLQvyEDHvAfZonPwNM.jpg'),
    (422,'ทอฝัน ทวีมา','https://image.tmdb.org/t/p/w185/pC461qZHV3Ulg8KKa2GtU5i8uiq.jpg'),
    (423,'Siriam Pakdeedumrongrit','https://image.tmdb.org/t/p/w185/dnCefUz5tXQ4q4Pscn8jfoBfbsy.jpg'),
    (424,'อัมรินทร์ นิติพน','https://image.tmdb.org/t/p/w185/5XPYOUBFso7eBTFjJ5tfOxZlTZx.jpg'),
    (425,'마일스 텔러','https://image.tmdb.org/t/p/w185/cg3LW0xX6RKr8dmescxq1bepcb5.jpg'),
    (426,'안야 테일러조이','https://image.tmdb.org/t/p/w185/qYNofOjlRke2MlJVihmJmEdQI4v.jpg'),
    (427,'시고니 위버','https://image.tmdb.org/t/p/w185/wTSnfktNBLd6kwQxgvkqYw6vEon.jpg'),
    (428,'쇼페 디리수','https://image.tmdb.org/t/p/w185/24Se9voPxrO200Ae8GQRbMkE55B.jpg'),
    (429,'William Houston','https://image.tmdb.org/t/p/w185/4J4TG1dbyJcSs78hP9fU2x8jrJs.jpg'),
    (430,'이쿠타 토마','https://image.tmdb.org/t/p/w185/3tDQDEbG1XdPtp8N9oxw53rWw3o.jpg'),
    (431,'히가시데 마사히로','https://image.tmdb.org/t/p/w185/6YOBIQ22Y7ZCkuk50QRotvUAl7v.jpg'),
    (432,'田中美央','https://image.tmdb.org/t/p/w185/4dXKZqcF1K6n6yVAGVVRlsc1RU0.jpg'),
    (433,'當真あみ','https://image.tmdb.org/t/p/w185/tqVci45pFJ4B7abPvb86UZLAyzs.jpg'),
    (434,'駿河太郎','https://image.tmdb.org/t/p/w185/elr8ojjYno5LFTTE2lBUldiuHxg.jpg'),
    (435,'루이스 맨딜로어','https://image.tmdb.org/t/p/w185/skvNBR83wxjbFj6XuLxWAhCZTmh.jpg'),
    (436,'비데야 판스링감','https://image.tmdb.org/t/p/w185/d27LoRSKh6WBYSQo6MNPNFfB0BQ.jpg'),
    (437,'밴 콰트로','https://image.tmdb.org/t/p/w185/3W7P7vvdf0HV6i1oL2fVRiULV7a.jpg'),
    (438,'Panya Yimmumphai','https://image.tmdb.org/t/p/w185/OWJ4vs2CLxnlGeemlvwJE82kAE.jpg'),
    (439,'Winai Wiangyangkung',NULL),
    (440,'프랜체스카 이스트우드','https://image.tmdb.org/t/p/w185/6gfWW8t1PG5ZaHPQxolHvN7pXnd.jpg'),
    (441,'Milo Gibson','https://image.tmdb.org/t/p/w185/8qauWfMZUewZKpVuU6jXUpAnXRQ.jpg'),
    (442,'Olivia Culpo','https://image.tmdb.org/t/p/w185/1TbJKNVArkQr2jwqeRGuT1UPDKz.jpg'),
    (443,'Oliver Cooper','https://image.tmdb.org/t/p/w185/dZyCpnWaW7gkTWOyhGUgg1xy19y.jpg'),
    (444,'네스터 카보넬','https://image.tmdb.org/t/p/w185/4Xn03t2qDEMR2ecM7BtLwpvs3J0.jpg'),
    (445,'크리스토프 발츠','https://image.tmdb.org/t/p/w185/jMvLGCVXLaBqjRLf5olyvEucZob.jpg'),
    (446,'루시 리우','https://image.tmdb.org/t/p/w185/9nbtjqsx3De7hO2XDtrBQ7M9VCH.jpg'),
    (447,'쿠퍼 호프먼','https://image.tmdb.org/t/p/w185/ug14fb0BevDNCibocXrDC8wsJ9Q.jpg'),
    (448,'Karishma Navekar','https://image.tmdb.org/t/p/w185/eCV76GgtAej2rBl9v1JE9Xhx52O.jpg'),
    (449,'Desmond Edwards','https://image.tmdb.org/t/p/w185/2sgTe2pS10kfoiIZpi7WxqWeoCf.jpg'),
    (450,'아요 에데비리','https://image.tmdb.org/t/p/w185/V9TNVjNkAJIiCHLTzcnHLktnPf.jpg'),
    (451,'존 말코비치','https://image.tmdb.org/t/p/w185/8YfVmWi9Z1iyX9Oc90yd9dbhSfL.jpg'),
    (452,'줄리엣 루이스','https://image.tmdb.org/t/p/w185/oErIsGmtxeluwtzRoWI3dx2pYGQ.jpg'),
    (453,'머레이 바틀렛','https://image.tmdb.org/t/p/w185/eN20zfcRB2F51bmUbTK9byQCpb9.jpg'),
    (454,'Melissa Chambers','https://image.tmdb.org/t/p/w185/1d2rGqa7lDmHDxAIYiVqPPe3mgn.jpg'),
    (455,'톰 하디','https://image.tmdb.org/t/p/w185/d81K0RH8UX7tZj49tZaQhZ9ewH.jpg'),
    (456,'추이텔 에지오포','https://image.tmdb.org/t/p/w185/kq5DDnqqofoRI0t6ddtRlsJnNPT.jpg'),
    (457,'주노 템플','https://image.tmdb.org/t/p/w185/ntBw3aUZmIw9ObmsmvPgk1UKMd8.jpg'),
    (458,'리스 에반스','https://image.tmdb.org/t/p/w185/1D670EEsbky3EtO7XLG32A09p92.jpg'),
    (459,'스티븐 그레이엄','https://image.tmdb.org/t/p/w185/1m9RWRRkQzJEAphJm9kQhMk1r1Q.jpg'),
    (460,'Ayisha Issa','https://image.tmdb.org/t/p/w185/xaCBgIc7IyS2ScpE1vffAtbtKsJ.jpg'),
    (461,'Steven Ogg','https://image.tmdb.org/t/p/w185/n5htiKL3WLNzJOZCLc4NytWV6fY.jpg'),
    (462,'Mo Jabari','https://image.tmdb.org/t/p/w185/gQBFS4EYgzOpxZrhXo31NdUWPnn.jpg'),
    (463,'세라 캐닝','https://image.tmdb.org/t/p/w185/55AL7y8ybTE7uvpQALughR7bkkB.jpg'),
    (464,'Chris Irvine','https://image.tmdb.org/t/p/w185/dUPKuIcJVCu3K1vmsJBIC8ukaUI.jpg'),
    (465,'Ana de la Reguera','https://image.tmdb.org/t/p/w185/nEacV1wuUHV6eUyErGBhniJ85JY.jpg'),
    (466,'Juanpa Zurita','https://image.tmdb.org/t/p/w185/kVWholhVRM5CwVO1WZ8DRIr8CQV.jpg'),
    (467,'Vico Escorcia','https://image.tmdb.org/t/p/w185/tdzmSPh2MmS0nT9AbgQTlkKHvpN.jpg'),
    (468,'크리스토 페르난데스','https://image.tmdb.org/t/p/w185/irx5BVVLSQWY9m5NrhqyxPekwIY.jpg'),
    (469,'Diana Bovio','https://image.tmdb.org/t/p/w185/9vgHBWcyAJ2hpnMJLX3iiRSIg2k.jpg'),
    (470,'Sivakarthikeyan','https://image.tmdb.org/t/p/w185/9CWvjeawj9rYRFasyrNjVsqhR48.jpg'),
    (471,'Sai Pallavi','https://image.tmdb.org/t/p/w185/vn28J0CYDNrsXSiA7XiCTNTV1m.jpg'),
    (472,'Rahul Bose','https://image.tmdb.org/t/p/w185/6T0xhsganOB8SI48HCGd99XKj9l.jpg'),
    (473,'Bhuvan Arora','https://image.tmdb.org/t/p/w185/AtEfX9ta8LZTWh7yZ4dVc2wpIRO.jpg'),
    (474,'Lallu Prasath','https://image.tmdb.org/t/p/w185/f6TVtddrbG1Qk1brFASrpPehpQh.jpg'),
    (475,'에런 테일러존슨','https://image.tmdb.org/t/p/w185/pFtHhih2XEaFaD3qOFyQW6q83br.jpg'),
    (476,'아리아나 드보즈','https://image.tmdb.org/t/p/w185/8HTSA2iVTsDN83OncAvFTcqxsAr.jpg'),
    (477,'프레드 헤킨저','https://image.tmdb.org/t/p/w185/99ctABEIEwNl4qjIZcLODgwnx0M.jpg'),
    (478,'알렉산드로 니볼라','https://image.tmdb.org/t/p/w185/53wfpjSwPTMwhfuOSdgGgojMI8m.jpg'),
    (479,'크리스토퍼 애벗','https://image.tmdb.org/t/p/w185/qWmlTycQb3yXaGhxPb6LCyaDjqh.jpg'),
    (480,'Mr. Lawrence','https://image.tmdb.org/t/p/w185/gWFgxlREzbaPPdWsQZSCdjrFozy.jpg'),
    (481,'Jill Talley','https://image.tmdb.org/t/p/w185/x0r43qyI9KNEyb5RsF0MckqxgfM.jpg'),
    (482,'톰 케니','https://image.tmdb.org/t/p/w185/dKOxpGnRkIMaPkZSHKIns99WxQa.jpg'),
    (483,'Bill Fagerbakke','https://image.tmdb.org/t/p/w185/zntKKc1uT53BnIihmzbq601eWKZ.jpg'),
    (484,'Rodger Bumpass','https://image.tmdb.org/t/p/w185/lGQkw6adxqB6Hcm7VK8nVHbKupe.jpg'),
    (485,'황정민','https://image.tmdb.org/t/p/w185/hKF1uh0iEfuZlBE79CXPw415qyn.jpg'),
    (486,'정해인','https://image.tmdb.org/t/p/w185/7ZMUHR2q0XTWMxuqijWSVfWQv14.jpg'),
    (487,'오달수','https://image.tmdb.org/t/p/w185/hd72oGjq0YKYdgZKMnqtV00MV28.jpg'),
    (488,'오대환','https://image.tmdb.org/t/p/w185/d3ThGdnujocRKLHrwHbJqHlXpWC.jpg'),
    (489,'장윤주','https://image.tmdb.org/t/p/w185/xrUHrI2QZU3R5AI8U8WVO4wIdi0.jpg'),
    (490,'잭 퀘이드','https://image.tmdb.org/t/p/w185/320qW5yEbxpmyxQ3evmClJbtKag.jpg'),
    (491,'엠버 미드선더','https://image.tmdb.org/t/p/w185/f8VWGyaIS38NkDIzQ2hapXKt0N5.jpg'),
    (492,'Ray Nicholson','https://image.tmdb.org/t/p/w185/f0MRbGIyTEJLJgHedJS8pRFhGn4.jpg'),
    (493,'제이콥 배털런','https://image.tmdb.org/t/p/w185/53YhaL4xw4Sb1ssoHkeSSBaO29c.jpg'),
    (494,'베티 게이브리얼','https://image.tmdb.org/t/p/w185/n67i3H3VM5quDQfcS591EbotPby.jpg'),
    (495,'나카타 죠지','https://image.tmdb.org/t/p/w185/wYhv4BtQnc6bZp2Qnh6GiYjmNKC.jpg'),
    (496,'우에다 유지','https://image.tmdb.org/t/p/w185/nwJBK4WwsUCcBcX425GD2BroJDr.jpg'),
    (497,'사이가 미츠키','https://image.tmdb.org/t/p/w185/qjRHodCBpKY8nEa4p8dZriDoil4.jpg'),
    (498,'사쿠라이 타카히로','https://image.tmdb.org/t/p/w185/8s8owcKmpRAuhzEGjSdRpztthUg.jpg'),
    (499,'폴 메스칼','https://image.tmdb.org/t/p/w185/vrzZ41TGNAFgfmZjC2sOJySzBLd.jpg'),
    (500,'덴젤 워싱턴','https://image.tmdb.org/t/p/w185/9Iyt3wbsla5bM6IzbICDVnBhkER.jpg'),
    (501,'페드로 파스칼','https://image.tmdb.org/t/p/w185/9VYK7oxcqhjd5LAH6ZFJ3XzOlID.jpg'),
    (502,'코니 닐센','https://image.tmdb.org/t/p/w185/lvQypTfeH2Gn2PTbzq6XkT2PLmn.jpg'),
    (503,'조셉 퀸','https://image.tmdb.org/t/p/w185/zshhuioZaH8S5ZKdMcojzWi1ntl.jpg'),
    (504,'Bilguun Chuluundorj',NULL),
    (505,'Purevjargal Erdenebileg',NULL),
    (506,'Bazarragchaa Byambajav',NULL),
    (507,'사라 스누크','https://image.tmdb.org/t/p/w185/tklkrYSxifGOOZBmsxSv2D1XvIR.jpg'),
    (508,'코디 스밋맥피','https://image.tmdb.org/t/p/w185/sesCWba9NwPDYDZzbVLs7OgLOti.jpg'),
    (509,'재키 위버','https://image.tmdb.org/t/p/w185/Apt5KSRAJENVw3IrTidzyrGv9PE.jpg'),
    (510,'Magda Szubanski','https://image.tmdb.org/t/p/w185/fNb650TNqOBG6dSP9bLhoxxI9wA.jpg'),
    (511,'Dominique Pinon','https://image.tmdb.org/t/p/w185/rIPUhNwGSglgKLgMQWz0JNCqIzf.jpg'),
    (512,'뱅상 카셀','https://image.tmdb.org/t/p/w185/KxzpJXyzVnqfouInWLypAND0gL.jpg'),
    (513,'Yvick Letexier','https://image.tmdb.org/t/p/w185/2mTvSkBjg8ilrOUFUGwVZm1oyBB.jpg'),
    (514,'Laura Felpin','https://image.tmdb.org/t/p/w185/jSDgeJhj46YmeXTl3J0sYWAI175.jpg'),
    (515,'Alexis Manenti','https://image.tmdb.org/t/p/w185/n9YW0FkKhxlwMhFQz3U2OokuWFZ.jpg'),
    (516,'Nina Zem','https://image.tmdb.org/t/p/w185/xdMXLOIjUe3eQhSNNedMVPwOiO.jpg'),
    (517,'Akshay Kumar','https://image.tmdb.org/t/p/w185/1d77rFiN8h2JXE6vS8VCuc2k20J.jpg'),
    (518,'Veer Pahariya','https://image.tmdb.org/t/p/w185/5BwjdO0sPVapoR2S2zkL3jUPdOX.jpg'),
    (519,'Nimrat Kaur','https://image.tmdb.org/t/p/w185/4cEWXSY4v4ItRQaFmPZStEyxa9D.jpg'),
    (520,'Sara Ali Khan','https://image.tmdb.org/t/p/w185/nRtF9kNgIt9q52jy89cyZBimUPs.jpg'),
    (521,'Sharad Kelkar','https://image.tmdb.org/t/p/w185/9UWI0fQUW5JRCS4tOb2w4ugmgJ2.jpg'),
    (522,'테오 제임스','https://image.tmdb.org/t/p/w185/lSC4cMhcQeCjPFkK6qCjSGDSeR3.jpg'),
    (523,'타티아나 마슬라니','https://image.tmdb.org/t/p/w185/mVdss3kBhKiWYWFFcrdOSAAfwC0.jpg'),
    (524,'크리스천 콘버리','https://image.tmdb.org/t/p/w185/c1l5tNjmxzDAIaTHvzEfooUsAf8.jpg'),
    (525,'콜린 오브라이언','https://image.tmdb.org/t/p/w185/qF38oBiO1b7nEua71FY2XfIayZl.jpg'),
    (526,'애덤 스콧','https://image.tmdb.org/t/p/w185/b82C29R6fGiPoqIglQ4lzS6q2YX.jpg'),
    (527,'니콜 키드먼','https://image.tmdb.org/t/p/w185/lfW2cDigTcvuoe4k6UfCdGVE1R6.jpg'),
    (528,'가엘 가르시아 베르날','https://image.tmdb.org/t/p/w185/7mq3EQN1oJfYNXkv9xKXKu6Ccw5.jpg'),
    (529,'매튜 맥패디언','https://image.tmdb.org/t/p/w185/wjzFvujqF5KuHoIGLOjk6FCiSYJ.jpg'),
    (530,'주드 힐','https://image.tmdb.org/t/p/w185/yAcW6qaqQVok6UpfPb1D9dPBFbK.jpg'),
    (531,'Jeff Pope','https://image.tmdb.org/t/p/w185/faCDPwuS4tdGmrJJeUIbIfEBBmh.jpg'),
    (532,'Aiko Garcia','https://image.tmdb.org/t/p/w185/jZkiB3Db7kipQzmukIEAudlGFNN.jpg'),
    (533,'Van Allen Ong','https://image.tmdb.org/t/p/w185/jfR0mocS2oMV3UqDyKwuIVJrwQc.jpg'),
    (534,'Marlon Marcia','https://image.tmdb.org/t/p/w185/9LEfMCMhN0KX3XGANJggXLKx8fJ.jpg'),
    (535,'Roxanne De Vera','https://image.tmdb.org/t/p/w185/klxtwoajh9MdlTFReJAdlrjO3OC.jpg'),
    (536,'Mhack Morales','https://image.tmdb.org/t/p/w185/uKMqakOKryVmEt8hmhjVzZY3iJD.jpg'),
    (537,'Jet Jandreau','https://image.tmdb.org/t/p/w185/iZvmi8Q4mLwKk1ePLomGlspqLkA.jpg'),
    (538,'Alison Jaye Horowitz','https://image.tmdb.org/t/p/w185/iEWtgDu0OweicGOl1rxybzCaota.jpg'),
    (539,'Ana Alexander','https://image.tmdb.org/t/p/w185/1IlEGAdccjtTZKNSxvTHnHG1ROI.jpg'),
    (540,'Eric Pierce','https://image.tmdb.org/t/p/w185/530W9qnL4xP18VwPJzkUP6dMA3r.jpg'),
    (541,'Jamie Timmons',NULL),
    (542,'루피타 뇽오','https://image.tmdb.org/t/p/w185/y40Wu1T742kynOqtwXASc5Qgm49.jpg'),
    (543,'킷 코너','https://image.tmdb.org/t/p/w185/6BDubD35VfSa0uyPr0UuYznuiM4.jpg'),
    (544,'빌 나이','https://image.tmdb.org/t/p/w185/acbigDOU1L1vMWAL3Wf0r8h8qLA.jpg'),
    (545,'스테파니 수','https://image.tmdb.org/t/p/w185/8gb3lfIHKQAGOQyeC4ynQPsCiHr.jpg'),
    (546,'소피 대처','https://image.tmdb.org/t/p/w185/rUEPZaDxFdDGM76t4g6cYa8Ru7b.jpg'),
    (547,'루카스 게이지','https://image.tmdb.org/t/p/w185/sftjB0MjD92meZqnL9OLtcTI02d.jpg'),
    (548,'Megan Suri','https://image.tmdb.org/t/p/w185/zUfiITKJh789PBSdF7B3HUBpJ8g.jpg'),
    (549,'하비 길렌','https://image.tmdb.org/t/p/w185/yiNBonobPwqMVweB02JWufzp2l9.jpg'),
    (550,'성룡','https://image.tmdb.org/t/p/w185/nraZoTzwJQPHspAVsKfgl3RXKKa.jpg'),
    (551,'Shi Ce','https://image.tmdb.org/t/p/w185/yRBXOk6GMuzDCrIK85AjZn48o1y.jpg'),
    (552,'魏翔','https://image.tmdb.org/t/p/w185/j1XqYkSGoRHfBOH59nTOnv7DcRn.jpg'),
    (553,'Han Yanbo','https://image.tmdb.org/t/p/w185/anfEMOmBSFXuZJ5jPCdcPIrObSl.jpg'),
    (554,'Danny Ray','https://image.tmdb.org/t/p/w185/ruWEqayx8GsA7AerHAG2wL05fUz.jpg'),
    (555,'라이언 레이놀즈','https://image.tmdb.org/t/p/w185/4SYTH5FdB0dAORV98Nwg3llgVnY.jpg'),
    (556,'휴 잭맨','https://image.tmdb.org/t/p/w185/4Xujtewxqt6aU0Y81tsS9gkjizk.jpg'),
    (557,'엠마 코린','https://image.tmdb.org/t/p/w185/wqGOVOsHzZaHeHymIS40elGCnY0.jpg'),
    (558,'다프네 킨','https://image.tmdb.org/t/p/w185/g325OIjIHrFr0te8ewPfhKQ2SKj.jpg'),
    (559,'스티브 카렐','https://image.tmdb.org/t/p/w185/dA6n0qpnlMFBlTr8SBULsZbWkvn.jpg'),
    (560,'크리스틴 위그','https://image.tmdb.org/t/p/w185/N517EQh7j4mNl3BStMmjMN6hId.jpg'),
    (561,'윌 페럴','https://image.tmdb.org/t/p/w185/vL1QjMdMtuM2f8fQZzei6WAvicZ.jpg'),
    (562,'소피아 베르가라','https://image.tmdb.org/t/p/w185/l79eVtn6bSOaiq7R0UGu60foMrK.jpg'),
    (563,'미란다 코스그로브','https://image.tmdb.org/t/p/w185/qIGeoyXEVu1LxTH34TWx1YSHyQr.jpg'),
    (564,'Annabel Gallardo',NULL),
    (565,'Ariel Cister',NULL),
    (566,'Ana María Picchio','https://image.tmdb.org/t/p/w185/dmHyVLePGOpFITsx0W3j2Wg4ptm.jpg'),
    (567,'Valeria Stilman',NULL),
    (568,'Diego Recagno',NULL),
    (569,'니콜 월리스','https://image.tmdb.org/t/p/w185/xlvq6OYCN6yQef4fpJQtwVyQxqr.jpg'),
    (570,'가브리엘 게바라','https://image.tmdb.org/t/p/w185/pviRYKEEmoPUfLYwP1VHJ6LQcRg.jpg'),
    (571,'마르타 아사스','https://image.tmdb.org/t/p/w185/1dbeTFRCbWBt70dIGjYHKVLnpaG.jpg'),
    (572,'이반 산체스','https://image.tmdb.org/t/p/w185/woVz8D7t1VUKjFJnsTAdc8tyz5C.jpg'),
    (573,'에바 루이스','https://image.tmdb.org/t/p/w185/bcu0nmQvhxwTzh4csc4kuxJsQee.jpg'),
    (574,'라미 말렉','https://image.tmdb.org/t/p/w185/ewr46CGOdsx5NzAJdIzEBz2yIQh.jpg'),
    (575,'마이클 스툴바그','https://image.tmdb.org/t/p/w185/aYB3SQm3h6ZyAdlbGyiNfakjx56.jpg'),
    (576,'로렌스 피시번','https://image.tmdb.org/t/p/w185/iwx7h0AfWMm9K4sMmhru3ShSra.jpg'),
    (577,'레이첼 브로스나한','https://image.tmdb.org/t/p/w185/1f9NK43gWrXN2uMmYMlennB7jCC.jpg'),
    (578,'존 번설','https://image.tmdb.org/t/p/w185/o0t6EVkJOrFAjESDilZUlf46IbQ.jpg'),
    (579,'에이미 폴러','https://image.tmdb.org/t/p/w185/k62oL10bNtPShjtHuLlKllwxva9.jpg'),
    (580,'마야 호크','https://image.tmdb.org/t/p/w185/abroQsos8bGN0ATm8j05z2THoOw.jpg'),
    (581,'켄싱턴 톨먼','https://image.tmdb.org/t/p/w185/tBqawwg2VJq1V4mZjAOFQ7fnXNW.jpg'),
    (582,'리자 라피라','https://image.tmdb.org/t/p/w185/o3jvQAGWtxi5rEycslhC6CY8BWX.jpg'),
    (583,'토니 헤일','https://image.tmdb.org/t/p/w185/ar4uapp4w5wMkThZcqWUNMSTO8z.jpg'),
    (584,'키호이콴','https://image.tmdb.org/t/p/w185/5PfYVcNLs1gGKIo0qwJrvyc2UOZ.jpg'),
    (585,'오언조','https://image.tmdb.org/t/p/w185/w6fCmYDlTNYfgdXBZjZH107c9zJ.jpg'),
    (586,'Mustafa Shakir','https://image.tmdb.org/t/p/w185/eeBtCxmlmHguKbeUr2Usx2Jdnj9.jpg'),
    (587,'리오 팁턴','https://image.tmdb.org/t/p/w185/jwLTUddwx1vGVcrpEGH87vVJsnY.jpg'),
    (588,'데미 무어','https://image.tmdb.org/t/p/w185/yDBFefCUVpgNFzBOY8VdilzUntK.jpg'),
    (589,'마가렛 퀄리','https://image.tmdb.org/t/p/w185/jStNyMj3acpLuH48awLVLqqlyaV.jpg'),
    (590,'데니스 퀘이드','https://image.tmdb.org/t/p/w185/lMaDAJHzsKH7U3dln2B3kY3rOhE.jpg'),
    (591,'Edward Hamilton-Clark','https://image.tmdb.org/t/p/w185/q1EWL2z2xMcbf84TpOTqGs6Csxs.jpg'),
    (592,'Gore Abrams','https://image.tmdb.org/t/p/w185/bKMTqbl0FYlzIC6aTMKQZNAhhXK.jpg'),
    (593,'Peter Hastings','https://image.tmdb.org/t/p/w185/o5BXNCGeMiYS6AlRGigQCGVbr7K.jpg'),
    (594,'피트 데이비슨','https://image.tmdb.org/t/p/w185/f3kubnZu3KgMniExcq9nJy8RwjW.jpg'),
    (595,'릴 렐 하워리','https://image.tmdb.org/t/p/w185/v2dgq37Kn9a5TWpXevIsKSwscZv.jpg'),
    (596,'아일라 피셔','https://image.tmdb.org/t/p/w185/zNKTzzuyMYaCGEZKhwhqV1K8ffo.jpg'),
    (597,'Lucas Hopkins Calderon',NULL),
    (598,'빈 디젤','https://image.tmdb.org/t/p/w185/nZdVry7lnUkE24PnXakok9okvL4.jpg'),
    (599,'아시아 아르젠토','https://image.tmdb.org/t/p/w185/dYbYNxMnqhNyAJyrPU7e2C9jcRz.jpg'),
    (600,'마튼 초카스','https://image.tmdb.org/t/p/w185/gmeUY7FR0bFLdu7Ma5kvpH3Gt6B.jpg'),
    (601,'사무엘 L. 잭슨','https://image.tmdb.org/t/p/w185/AiAYAqwpM5xmiFrAIeQvUXDCVvo.jpg'),
    (602,'Michael Roof','https://image.tmdb.org/t/p/w185/qhP35tsTTuAPUFcKYMGOxaw1s4j.jpg'),
    (603,'Agustina Gonzalez Cirulnik','https://image.tmdb.org/t/p/w185/AdcA4Bd3Y2rEHnXyNyDbCeZtDB.jpg'),
    (604,'Gustavo Barrientos',NULL),
    (605,'Mariana Correa',NULL),
    (606,'Andrés Burecovics',NULL),
    (607,'Victor Belmondo','https://image.tmdb.org/t/p/w185/sO3BOoXM8UseOJr7Ba0q0jgGbRV.jpg'),
    (608,'Tewfik Jallab','https://image.tmdb.org/t/p/w185/bxQQdJtkhjHpasmd22YKSCHnM6D.jpg'),
    (609,'Soufiane Guerrab','https://image.tmdb.org/t/p/w185/hJIMDd7l4pK28aT8tPbJ6KoKxfz.jpg'),
    (610,'Juliette Dol','https://image.tmdb.org/t/p/w185/l7LJ0TkkMrMXovtJ3Hsi4amX0Fv.jpg'),
    (611,'Yvan Attal','https://image.tmdb.org/t/p/w185/2VaxsiFuad8uHHWTM6Fc71wtNCx.jpg'),
    (612,'매튜 매커너히','https://image.tmdb.org/t/p/w185/lCySuYjhXix3FzQdS4oceDDrXKI.jpg'),
    (613,'앤 해서웨이','https://image.tmdb.org/t/p/w185/s6tflSD20MGz04ZR2R1lZvhmC4Y.jpg'),
    (614,'마이클 케인','https://image.tmdb.org/t/p/w185/bVZRMlpjTAO2pJK6v90buFgVbSW.jpg'),
    (615,'제시카 차스테인','https://image.tmdb.org/t/p/w185/xRvRzxiiHhgUErl0yf9w8WariRE.jpg'),
    (616,'케이시 애플렉','https://image.tmdb.org/t/p/w185/7Sn4vA1l9KHIXDT1PH1luSV25KA.jpg'),
    (617,'Alastair Aiken','https://image.tmdb.org/t/p/w185/yxE4He8m8FK6CgaUso1H5MDtHa7.jpg'),
    (618,'마이키 매디슨','https://image.tmdb.org/t/p/w185/b0HZr4Xa4pIR7MzTPXfIWvUZELx.jpg'),
    (619,'마르크 에이델스테인','https://image.tmdb.org/t/p/w185/vlQh0PedEBjpNUIa0vdbWEQPV48.jpg'),
    (620,'유리 보리소프','https://image.tmdb.org/t/p/w185/zLcD2UmXJG6m3qOQhNZs13SQRIp.jpg'),
    (621,'Karren Karagulian','https://image.tmdb.org/t/p/w185/rxyx8OFgShe0Kolptm5LpbsOUJj.jpg'),
    (622,'Vache Tovmasyan','https://image.tmdb.org/t/p/w185/cKHEEer9V0zK96f1gE0gvQ5IvZq.jpg'),
    (623,'Quim Gutiérrez','https://image.tmdb.org/t/p/w185/17Mo65PvdiG8dN2nIyH5rK0qMHz.jpg'),
    (624,'Sara Sálamo','https://image.tmdb.org/t/p/w185/228tnvtrPfhuseD2qMsNeUkBVki.jpg'),
    (625,'María de Nati','https://image.tmdb.org/t/p/w185/fjhJzeEUbyi3C12qcHV0tAjMQah.jpg'),
    (626,'Javier Herrera','https://image.tmdb.org/t/p/w185/5LGqSIVPJ8Y1dxcKWJuMNgrYPIw.jpg'),
    (627,'Hamza Zaidi','https://image.tmdb.org/t/p/w185/3a7dXAZL856eYu62eX4Dy7PdX9T.jpg'),
    (628,'말론 브란도','https://image.tmdb.org/t/p/w185/vklkhX4QlRKnEG8ylhWzoBdcuev.jpg'),
    (629,'알 파치노','https://image.tmdb.org/t/p/w185/2dGBb1fOcNdZjtQToVPFxXjm4ke.jpg'),
    (630,'제임스 칸','https://image.tmdb.org/t/p/w185/v3flJtQEyczxENi29yJyvnN6LVt.jpg'),
    (631,'로버트 듀발','https://image.tmdb.org/t/p/w185/ybMmK25h4IVtfE7qrnlVp47RQlh.jpg'),
    (632,'Richard S. Castellano','https://image.tmdb.org/t/p/w185/1vr75BdHWret81vuSJ3ugiCBkxw.jpg'),
    (633,'Jace Norman','https://image.tmdb.org/t/p/w185/nKmwjyI5RqMaTtSLRMUX1orF5GS.jpg'),
    (634,'Sean Ryan Fox','https://image.tmdb.org/t/p/w185/5VdeZBDH4yTc6uy5PDYFWbJX8zF.jpg'),
    (635,'엘라 앤더슨','https://image.tmdb.org/t/p/w185/hmyZS475t1RxljUgG67q5FBL2wU.jpg'),
    (636,'마이클 D. 코헨','https://image.tmdb.org/t/p/w185/eEs2yjMUQnmIvwPx66bhL4f55eI.jpg'),
    (637,'Frankie Grande','https://image.tmdb.org/t/p/w185/z1J7iACko7QSXkeurQNwbq59RSF.jpg'),
    (638,'Hélène Vincent','https://image.tmdb.org/t/p/w185/lJJ9WjZJI6cVCpFTsXoHqSDW23v.jpg'),
    (639,'Josiane Balasko','https://image.tmdb.org/t/p/w185/ijdGcyrROO1bddXh6nNx4WcZcWb.jpg'),
    (640,'뤼디빈 사니에','https://image.tmdb.org/t/p/w185/hd4fLjgtgNEidJOjuLNGfK1sOhm.jpg'),
    (641,'Pierre Lottin','https://image.tmdb.org/t/p/w185/1d0CBRIjScO7AUkQAqPcaRuC9Mg.jpg'),
    (642,'Vincent Colombe','https://image.tmdb.org/t/p/w185/gX6p0VVA8PDmh9R1svg0ssky9za.jpg'),
    (643,'밀리 바비 브라운','https://image.tmdb.org/t/p/w185/kHO7hdNEVuTnQ0OjjrxP1RcAa0e.jpg'),
    (644,'크리스 프랫','https://image.tmdb.org/t/p/w185/83o3koL82jt30EJ0rz4Bnzrt2dd.jpg'),
    (645,'제이슨 알렉산더','https://image.tmdb.org/t/p/w185/qRezZ2yhM2bmBERt7jVcxo8RVSA.jpg'),
    (646,'우디 노먼','https://image.tmdb.org/t/p/w185/fx63bQUUNlnURroNIZ418qL1B4.jpg'),
    (647,'돌로레스 헤레디아','https://image.tmdb.org/t/p/w185/vQM2QmixTyU2kBr72qjuuOCmbQ.jpg'),
    (648,'Vadhir Derbez','https://image.tmdb.org/t/p/w185/2RCdA5ZB5m0zAnJngQpZWlMMizG.jpg'),
    (649,'Antonia San Juan','https://image.tmdb.org/t/p/w185/A4rhAimrDiTfTVsXNqiJ2clVpx4.jpg'),
    (650,'Manuel Vega','https://image.tmdb.org/t/p/w185/f0lQDhqfrQNpxnkh7Thd20nYtck.jpg'),
    (651,'Ana Lucía Domínguez','https://image.tmdb.org/t/p/w185/olqkYm4pjssyWmaqNGvnq7toVgB.jpg'),
    (652,'크리스 에반스','https://image.tmdb.org/t/p/w185/3bOGNsHlrswhyW79uvIHH1V43JI.jpg'),
    (653,'J.K. 시몬스','https://image.tmdb.org/t/p/w185/ScmKoJ9eiSUOthAt1PDNLi8Fkw.jpg'),
    (654,'Bonnie Hunt','https://image.tmdb.org/t/p/w185/tT9C6uLztgN8OxJULq6F9iEzqlA.jpg'),
    (655,'모건 프리먼','https://image.tmdb.org/t/p/w185/jPsLqiYGSofU4s6BjrxnefMfabb.jpg'),
    (656,'팀 로빈스','https://image.tmdb.org/t/p/w185/djLVFETFTvPyVUdrd7aLVykobof.jpg'),
    (657,'밥 건턴','https://image.tmdb.org/t/p/w185/ulbVvuBToBN3aCGcV028hwO0MOP.jpg'),
    (658,'윌리엄 새들러','https://image.tmdb.org/t/p/w185/rWeb2kjYCA7V9MC9kRwRpm57YoY.jpg'),
    (659,'클랜시 브라운','https://image.tmdb.org/t/p/w185/xjg0ZIxP0tFcEQCTeRgKxNtLdpe.jpg'),
    (660,'Asha Banks','https://image.tmdb.org/t/p/w185/9McWYJPSySGOcNr5KuFWyW2bLe7.jpg'),
    (661,'매튜 브룸','https://image.tmdb.org/t/p/w185/nSjPuDG5IVQfyMU8TkZl0ZQkLu6.jpg'),
    (662,'Eve Macklin','https://image.tmdb.org/t/p/w185/2LaLgZbTBwLy1KojJ8UQivli4fF.jpg'),
    (663,'Enva Lewis','https://image.tmdb.org/t/p/w185/hFBuqi7NFiFgHho2J2IM43nZcrG.jpg'),
    (664,'휴 그랜트','https://image.tmdb.org/t/p/w185/hsSfxSHzkKJ6ZKq1Ofngcp7aAnT.jpg'),
    (665,'클로이 이스트','https://image.tmdb.org/t/p/w185/yAJZ883uLsfY4yHncUC9rTvKVQ9.jpg'),
    (666,'Elle Young','https://image.tmdb.org/t/p/w185/rEcGyAm06RMBgR8T7xPOjZNMElO.jpg'),
    (667,'Stefan Górski','https://image.tmdb.org/t/p/w185/2O811iT6YfC8xbLyw91E2ScwPkF.jpg'),
    (668,'August Zirner','https://image.tmdb.org/t/p/w185/nKjYT4C9KFLFAt45db9FTw6shLm.jpg'),
    (669,'Andreas Lust','https://image.tmdb.org/t/p/w185/bNtkRHXwO30Dgj7GTMuRNmlIUe0.jpg'),
    (670,'Julia Franz Richter','https://image.tmdb.org/t/p/w185/uvad6Z9KoS5r1jRAzQiqzypedJl.jpg'),
    (671,'Robert Stadlober','https://image.tmdb.org/t/p/w185/6qWVsJ39TwUD9MZ2BqrKlwjR4bZ.jpg'),
    (672,'우디 해럴슨','https://image.tmdb.org/t/p/w185/igxYDQBbTEdAqaJxaW6ffqswmUU.jpg'),
    (673,'시무 리우','https://image.tmdb.org/t/p/w185/xc7I32luBZfJgx9lm92aT9xiI6T.jpg'),
    (674,'핀 콜','https://image.tmdb.org/t/p/w185/yVWop3BSHbjIecYGqI1ToZIPR3T.jpg'),
    (675,'클리프 커티스','https://image.tmdb.org/t/p/w185/3D6qz8vL6DWHAO3HeXeaSuwxq3s.jpg'),
    (676,'마크 보너','https://image.tmdb.org/t/p/w185/qEOp1lj0HGAVy1wpqIxMNkxIzn7.jpg'),
    (677,'Gloria Guida','https://image.tmdb.org/t/p/w185/3h6Qwrp1OOhtUWTka4MhclTOvTa.jpg'),
    (678,'Lino Banfi','https://image.tmdb.org/t/p/w185/j7ZOhttsQ6SeDS2c5hgxEOjlRrp.jpg'),
    (679,'Alvaro Vitali','https://image.tmdb.org/t/p/w185/6Lel88DA599JZfxYGSBn1s1sOnM.jpg'),
    (680,'Leo Colonna','https://image.tmdb.org/t/p/w185/dTgyKJwTOgct8CTzJCKAj0Du85x.jpg'),
    (681,'Mario Carotenuto','https://image.tmdb.org/t/p/w185/xr7zoHY4fnmvn3ZwUoybvbSpdRG.jpg'),
    (682,'모레나 바카린','https://image.tmdb.org/t/p/w185/kBSKKaOtsqIzZPhtEeHfCBmhWl9.jpg'),
    (683,'매디 해슨','https://image.tmdb.org/t/p/w185/eH6SnpMGDC9CQScmIchSnKkZAbc.jpg'),
    (684,'Danny Boyd Jr.','https://image.tmdb.org/t/p/w185/k6ewXmzmCJa71bQmmEifmy11ezt.jpg'),
    (685,'Rachel Nicks','https://image.tmdb.org/t/p/w185/wJx6DHJ5S5IGvj61yUUPtKzr9cf.jpg'),
    (686,'Markus Persson','https://image.tmdb.org/t/p/w185/kpKbzs5R6CUnoYwd89NCZuHuuGZ.jpg'),
    (687,'젠스 버겐스텐','https://image.tmdb.org/t/p/w185/caJh6zmmgQRoyVPLcujORgERQvs.jpg'),
    (688,'Jakob Porser',NULL),
    (689,'Carl Manneh',NULL),
    (690,'Peter Molyneux','https://image.tmdb.org/t/p/w185/49do4x6KbuUhRwxXawGZJloyCT.jpg'),
    (691,'신시아 에리보','https://image.tmdb.org/t/p/w185/oQcFwHu50upW6Soz4Ycc9iHge1k.jpg'),
    (692,'아리아나 그란데','https://image.tmdb.org/t/p/w185/cslFyOh3sTWDeWXgsxmjJ1uqE0P.jpg'),
    (693,'제프 골드블룸','https://image.tmdb.org/t/p/w185/o3PahuK7OmCI0RAQUq38CUBWYZ9.jpg'),
    (694,'양자경','https://image.tmdb.org/t/p/w185/nrbHNzSMydpWK9um5VqWIFJihB5.jpg'),
    (695,'조나단 베일리','https://image.tmdb.org/t/p/w185/mZNzekZo8eaHMuXKgDTNLp0EvYM.jpg'),
    (696,'Callina Liang','https://image.tmdb.org/t/p/w185/yiajT9WAsvuxF9uNJrkSuzVv3On.jpg'),
    (697,'Chris Sullivan','https://image.tmdb.org/t/p/w185/5I4pxgfl5agN38qrZqtFf8TlkUh.jpg'),
    (698,'Eddy Maday','https://image.tmdb.org/t/p/w185/b1wNDkZvwmASphyBirqX2a5Wr0g.jpg'),
    (699,'줄리아 폭스','https://image.tmdb.org/t/p/w185/AwipgBalCBiOfwXKssxM0NQlz33.jpg'),
    (700,'이제훈','https://image.tmdb.org/t/p/w185/tcG6IT9WMG21hQ1S6ngW583ROpy.jpg'),
    (701,'구교환','https://image.tmdb.org/t/p/w185/aFwCpSKPGFqoiTStY6ljXnD5CwH.jpg'),
    (702,'홍사빈','https://image.tmdb.org/t/p/w185/jws9FFHlT32bRSmTQGPjNa4RUMy.jpg'),
    (703,'서현우','https://image.tmdb.org/t/p/w185/i5HP0n06Y5GIZfpsbibFQWAcUjV.jpg'),
    (704,'이성욱','https://image.tmdb.org/t/p/w185/erpOUfjadjH2duXd6XWDsa2kNfw.jpg'),
    (705,'Anna-Maria Sieklucka','https://image.tmdb.org/t/p/w185/c5Rhg0pewnANvLfx2fDXKTLawTb.jpg'),
    (706,'미켈레 모로네','https://image.tmdb.org/t/p/w185/saKjzGAuw8Fiutlv9LweLjAti0Z.jpg'),
    (707,'시모네 수신나','https://image.tmdb.org/t/p/w185/ave6292vdlcySUKee9T3oMUVhvY.jpg'),
    (708,'Magdalena Lamparska','https://image.tmdb.org/t/p/w185/miJQ7KIOIkANmQ957Ujfe4xL5cz.jpg'),
    (709,'Otar Saralidze','https://image.tmdb.org/t/p/w185/fqY7p0kotc9uuwB7UF3aYXXmY0R.jpg'),
    (710,'Adrián Labrador','https://image.tmdb.org/t/p/w185/eci29DOrIbb07cKa9hanohC5vVX.jpg'),
    (711,'Sara Sanz','https://image.tmdb.org/t/p/w185/8yF4OMKZKX2egg6TpuMYUtcejzF.jpg'),
    (712,'Yaiza Hervás',NULL),
    (713,'Alverto Díaz',NULL),
    (714,'Marina Arreghini',NULL),
    (715,'제이미 폭스','https://image.tmdb.org/t/p/w185/hPwCMEq6jLAidsXAX5BfoYgIfg2.jpg'),
    (716,'카메론 디아즈','https://image.tmdb.org/t/p/w185/d4f4cQ9EiYuvNMjT1IB2h06KoRx.jpg'),
    (717,'McKenna Roberts','https://image.tmdb.org/t/p/w185/74G750E1HZzjksJ9oSr8aWFadE2.jpg'),
    (718,'Rylan Jackson','https://image.tmdb.org/t/p/w185/o2BK58fxhAJnOFfELtxMenZ4fpd.jpg'),
    (719,'카일 챈들러','https://image.tmdb.org/t/p/w185/66n7XNj1dyYkzCBWR3Lq8Vz4PJ1.jpg'),
    (720,'벤 위쇼','https://image.tmdb.org/t/p/w185/2GBtQ6scGeSHkX1urOP1EJbmksx.jpg'),
    (721,'휴 보네빌','https://image.tmdb.org/t/p/w185/skbxj8MUuNiI39ZkP38uEirU0bC.jpg'),
    (722,'에밀리 모티머','https://image.tmdb.org/t/p/w185/oZ4CZW2eW8lL2alD1mwZrFkfACI.jpg'),
    (723,'Samuel Joslin','https://image.tmdb.org/t/p/w185/gXthNRK0BN9IqXnhKIc4glxOB7P.jpg'),
    (724,'Madeleine Harris','https://image.tmdb.org/t/p/w185/a0leGmuuQslxiuP7g52sMxET6rm.jpg'),
    (725,'司美智子','https://image.tmdb.org/t/p/w185/ijMBFfvXbumrCkFDYSgvIgVTmpy.jpg'),
    (726,'中川梨絵','https://image.tmdb.org/t/p/w185/alsN05SeQmKHtreMMcpQ8PLlXz9.jpg'),
    (727,'片桐夕子','https://image.tmdb.org/t/p/w185/roldPqJlDWaQ4pFiOCggjvxGy28.jpg'),
    (728,'市村博',NULL),
    (729,'石津康彦','https://image.tmdb.org/t/p/w185/6KAC3PNPJ0ekULYMWV9yk7JgJQN.jpg');

INSERT INTO director (id, name, profile_path) VALUES
    (1,'Christophe Barraud','https://image.tmdb.org/t/p/w185/lb3zXhKKmOUKllazapLXITxEYXt.jpg'),
    (2,'Adriano Melo','https://image.tmdb.org/t/p/w185/lTCtHB9oNb8VBW3MauZPqrYj4Di.jpg'),
    (3,'Zenso Ichiro',NULL),
    (4,'Hugo de Sousa','https://image.tmdb.org/t/p/w185/ci3b33fezlu1SvWMPMTuwGBUokm.jpg'),
    (5,'Alessio Pollacci',NULL),
    (6,'Shannon Murphy','https://image.tmdb.org/t/p/w185/vx2ESOt6od8iM4WA2DiVWfl9tzy.jpg'),
    (7,'芝山努','https://image.tmdb.org/t/p/w185/9xHbjsmKMduBQqAEmBE02gMHNAl.jpg'),
    (8,'Fumio Ikeno',NULL),
    (9,'Federico Palazzo',NULL),
    (10,'Jung Chang-young',NULL),
    (11,'자레드 헤스','https://image.tmdb.org/t/p/w185/AlZGAfdgo6PL0ZOooHf0kxk1wHG.jpg'),
    (12,'Rosshan Andrrews','https://image.tmdb.org/t/p/w185/qwrfzBIklJ48E7aMgF49E4iqVXO.jpg'),
    (13,'Kamel Guemra',NULL),
    (14,'줄리어스 오나','https://image.tmdb.org/t/p/w185/1dDPLY788B9qwQ7qdJazhcApybJ.jpg'),
    (15,'마틴 캠벨','https://image.tmdb.org/t/p/w185/xAaNHXBrwTPDjZRs5vDD0fMO9bx.jpg'),
    (16,'폴 W. S. 앤더슨','https://image.tmdb.org/t/p/w185/3LBggv2qwBVjDi45DA0RTadgw12.jpg'),
    (17,'Lucía Alemany','https://image.tmdb.org/t/p/w185/dmdNcSxaKjDVwoiZem6U6XE06HL.jpg'),
    (18,'데이비드 에이어','https://image.tmdb.org/t/p/w185/7JmWK2wg2StEc9eYjY96s7OJgb7.jpg'),
    (19,'봉준호','https://image.tmdb.org/t/p/w185/tKLJBqbdH6HFj2QxLA5o8Zk7IVs.jpg'),
    (20,'Darien Smith',NULL),
    (21,'James Madigan',NULL),
    (22,'Paul Anderson',NULL),
    (23,'Frederik Louis Hviid','https://image.tmdb.org/t/p/w185/vTfU1UcR3xM1YHzPmD0845EbAxs.jpg'),
    (24,'David G. Derrick Jr.','https://image.tmdb.org/t/p/w185/j5JOtRua5KduoPsQVix0rwY3jOo.jpg'),
    (25,'Scott Chambers','https://image.tmdb.org/t/p/w185/pANsw8kWaQzSwuVmr1Em5di9u4o.jpg'),
    (26,'배리 젠킨스','https://image.tmdb.org/t/p/w185/6nld5eQwiJmuLmyesk4EUeCaoo3.jpg'),
    (27,'Rigoberto Castañeda','https://image.tmdb.org/t/p/w185/fXDfkQZUg7OAE3VbT0BnOE31Add.jpg'),
    (28,'Jeff Fowler','https://image.tmdb.org/t/p/w185/wExdubFgeBkEUP8MojKPKoOcgdZ.jpg'),
    (29,'Andy Edwards',NULL),
    (30,'Jill Gevargizian','https://image.tmdb.org/t/p/w185/q2U3mytEj0u2QbiUyAFhq1OwNly.jpg'),
    (31,'스티븐 소더버그','https://image.tmdb.org/t/p/w185/y8JlSDcQzd7gAaKyxFpExupMwDz.jpg'),
    (32,'Stephen Cognetti','https://image.tmdb.org/t/p/w185/7hnNJ68dOxqhQKJ4ml54NUhgRiN.jpg'),
    (33,'水﨑淳平','https://image.tmdb.org/t/p/w185/aERMCBj9ug6ARbyhXLs8RxUFjt5.jpg'),
    (34,'Robert Michael Ryan','https://image.tmdb.org/t/p/w185/nDaS0IJs8dQbaOb6XTM0lh2PrKt.jpg'),
    (35,'멜 깁슨','https://image.tmdb.org/t/p/w185/bLzZZRyAsGJvQqsQ1hdptv93aIL.jpg'),
    (36,'Jaco Bouwer','https://image.tmdb.org/t/p/w185/6Hxi1hiKiRMqRNED3vB8CD4HwgS.jpg'),
    (37,'마크 웹','https://image.tmdb.org/t/p/w185/95FAAT150Mi6DB8VcJgEeOplOsU.jpg'),
    (38,'Adam Brooks','https://image.tmdb.org/t/p/w185/d9evoYfFnjsFY3sV1FOtgaUxbj3.jpg'),
    (39,'Chava Cartas','https://image.tmdb.org/t/p/w185/2KgMJhywrNcNvlxKschlNyYQpsL.jpg'),
    (40,'Thanadol Nuansut',NULL),
    (41,'스콧 데릭슨','https://image.tmdb.org/t/p/w185/nOQkRTC6OPkUHebBfjIgtiZ0hvE.jpg'),
    (42,'田中征爾','https://image.tmdb.org/t/p/w185/rlumcQyJDjv5eregF6NrZ3PNjnB.jpg'),
    (43,'조슈아 딕슨',NULL),
    (44,'Michael Day',NULL),
    (45,'Simon West','https://image.tmdb.org/t/p/w185/yQpwEIsszmeVCmEAp8yrPP8LtvS.jpg'),
    (46,'Mark Anthony Green','https://image.tmdb.org/t/p/w185/xNBoPcX0xhXKoriOGKbSJInOndC.jpg'),
    (47,'Kelly Marcel','https://image.tmdb.org/t/p/w185/thpdVW7O1975GcA3eNs1H8UIlmd.jpg'),
    (48,'Lowell Dean','https://image.tmdb.org/t/p/w185/cTlTYT0JELVsXmPfXY7AVvFq36B.jpg'),
    (49,'Ariel Winograd','https://image.tmdb.org/t/p/w185/2xAQHin7CemFALfsUAUxaSbg674.jpg'),
    (50,'Rajkumar Periasamy',NULL),
    (51,'J.C. Chandor','https://image.tmdb.org/t/p/w185/6oaCrcLpqAvuWci6kStnuuAc34I.jpg'),
    (52,'Dave Needham',NULL),
    (53,'류승완','https://image.tmdb.org/t/p/w185/pFBIKcGvQLdibhDF1koi5Tm1noE.jpg'),
    (54,'댄 버크','https://image.tmdb.org/t/p/w185/cleKQ7QK8HELojR8nLbjpNmqJPS.jpg'),
    (55,'木宮茂',NULL),
    (56,'리들리 스콧','https://image.tmdb.org/t/p/w185/97SO7H0UlS3racqjeW5JTy8c6GM.jpg'),
    (57,'Bilguun Chuluundorj',NULL),
    (58,'Adam Elliot','https://image.tmdb.org/t/p/w185/yTNizUKqeUIn7WWabFQhnSi0GmS.jpg'),
    (59,'So-Me',NULL),
    (60,'Abhishek Kapur',NULL),
    (61,'오즈 퍼킨스','https://image.tmdb.org/t/p/w185/sshAqrQ2DV2TUsgBAr1XaYqqxkm.jpg'),
    (62,'미미 케이브','https://image.tmdb.org/t/p/w185/5WRuoPV7uuNQx8dFBze0dafFuH.jpg'),
    (63,'긴츠 질발로디스','https://image.tmdb.org/t/p/w185/fP44KcwJLGK3or7T7bImWBSDKo8.jpg'),
    (64,'Lee Whittaker',NULL),
    (65,'크리스 샌더스','https://image.tmdb.org/t/p/w185/6CtrIOCxggJ5eIAWeFQqd4Hs9FP.jpg'),
    (66,'Drew Hancock','https://image.tmdb.org/t/p/w185/zJFrGcCFfuefiQyW3SHRXIib6LV.jpg'),
    (67,'張欒','https://image.tmdb.org/t/p/w185/xMeYqIEvRHhmCXoMxoVp8zxa6DI.jpg'),
    (68,'숀 레비','https://image.tmdb.org/t/p/w185/b1ulkCHz8biG87LjLQQiMCebEZo.jpg'),
    (69,'Chris Renaud','https://image.tmdb.org/t/p/w185/sumBJgBqRkK4XEJ2JYXpad3MTJs.jpg'),
    (70,'Diego Cagide',NULL),
    (71,'中重俊祐','https://image.tmdb.org/t/p/w185/6HX5nrn8uClBQpgqvtm3V3KzmVb.jpg'),
    (72,'도밍고 곤살레스','https://image.tmdb.org/t/p/w185/bTf1OPwNZSIbVHl7SII6Yv429G4.jpg'),
    (73,'James Hawes','https://image.tmdb.org/t/p/w185/9MmTr9DHvPPcAkRK0ddNxZs0gzS.jpg'),
    (74,'켈시 만','https://image.tmdb.org/t/p/w185/jT77axUOdirHG85uXkgSiNT3qff.jpg'),
    (75,'Jonathan Eusebio','https://image.tmdb.org/t/p/w185/wYpBkb8CkkxqF3wA1hQd55Bg8R8.jpg'),
    (76,'코랄리 파르자','https://image.tmdb.org/t/p/w185/weElmtGXU0eqSDyJxh32ZBgIpqw.jpg'),
    (77,'Peter Hastings','https://image.tmdb.org/t/p/w185/o5BXNCGeMiYS6AlRGigQCGVbr7K.jpg'),
    (78,'Rob Cohen','https://image.tmdb.org/t/p/w185/kVbB8Q0g8eXsn8l81flyC6TgMPW.jpg'),
    (79,'David Bisbano',NULL),
    (80,'Olivier Marchal','https://image.tmdb.org/t/p/w185/r4NRcHShGE9G0OvI8tSlh5DZMTU.jpg'),
    (81,'크리스토퍼 놀란','https://image.tmdb.org/t/p/w185/xuAIuYSmsUzKlUMBFGVZaWsY3DZ.jpg'),
    (82,'Billy Simpson',NULL),
    (83,'션 베이커','https://image.tmdb.org/t/p/w185/wKfNgfRvPhLHMrwuweSwLOmhRzT.jpg'),
    (84,'Mar Olid',NULL),
    (85,'프랜시스 포드 코폴라','https://image.tmdb.org/t/p/w185/IwGgkmW6IoJ9vuNF0T9CU3FYUX.jpg'),
    (86,'Joe Menendez',NULL),
    (87,'프랑수아 오종','https://image.tmdb.org/t/p/w185/gjXDLWWMlypNp2R4ALMhR9JMf18.jpg'),
    (88,'조 루소','https://image.tmdb.org/t/p/w185/o0OXjFzL10jCy89iAs7UzzSbyoK.jpg'),
    (89,'Alejandro Aimetta',NULL),
    (90,'Jake Kasdan','https://image.tmdb.org/t/p/w185/yQBY1GmXmoFg4FG16F4a83eRR29.jpg'),
    (91,'프랭크 다라본트','https://image.tmdb.org/t/p/w185/vZ50guP86otYTiBSGfi35GNHWVf.jpg'),
    (92,'Dani Girdwood',NULL),
    (93,'스콧 벡','https://image.tmdb.org/t/p/w185/3x08LTI7LnZjfEPbRDlXjBRa36Q.jpg'),
    (94,'Hans Steinbichler',NULL),
    (95,'알렉스 파킨슨','https://image.tmdb.org/t/p/w185/oHrukBO8Y1gIzqLhKYpYpsfDMIR.jpg'),
    (96,'Mariano Laurenti','https://image.tmdb.org/t/p/w185/l1lOjtrZMigI5Qyq9mof0gZZqPl.jpg'),
    (97,'George Nolfi','https://image.tmdb.org/t/p/w185/dYr20UCtki5iRg0k2zSKjG36QKy.jpg'),
    (98,'Paul Owens',NULL),
    (99,'존 M. 추','https://image.tmdb.org/t/p/w185/85kOxm7w4nGRwyhquj9wtUM8KUW.jpg'),
    (100,'이종필','https://image.tmdb.org/t/p/w185/cQuh4ry7h7WJDyBJEjyHo1Nd0m.jpg'),
    (101,'Barbara Białowąs','https://image.tmdb.org/t/p/w185/vhf5l82ItqfVTwioqlZv1ab0v19.jpg'),
    (102,'Norberto Ramos del Val','https://image.tmdb.org/t/p/w185/pG0XN8zBmb3hPWD2yDEHtQ2WSia.jpg'),
    (103,'Seth Gordon','https://image.tmdb.org/t/p/w185/3V2gHFkbez8iGTdlYyS9NxMujfw.jpg'),
    (104,'Dougal Wilson','https://image.tmdb.org/t/p/w185/rCcCL6oBpwkpLBlkhK0IE7DjOhT.jpg'),
    (105,'加藤彰',NULL);

INSERT INTO genre (id, name) VALUES
    (1,'Talk'),
    (2,'코미디'),
    (3,'드라마'),
    (4,'Soap'),
    (5,'News'),
    (6,'애니메이션'),
    (7,'Sci-Fi & Fantasy'),
    (8,'범죄'),
    (9,'미스터리'),
    (10,'Reality'),
    (11,'Action & Adventure'),
    (12,'가족'),
    (13,'다큐멘터리'),
    (14,'Kids'),
    (15,'War & Politics'),
    (16,'모험'),
    (17,'판타지'),
    (18,'액션'),
    (19,'스릴러'),
    (20,'SF'),
    (21,'로맨스'),
    (22,'전쟁'),
    (23,'공포'),
    (24,'역사'),
    (25,'음악');

INSERT INTO movie (id, average_rating, overview, poster_path, production_company, production_country, rating_count, release_date, runtime, status, title, director_id) VALUES
    (1,0,'왕년의 게임 챔피언이었지만 지금은 폐업 직전의 게임샵 주인이 된 ''개릿''과 엄마를 잃고 낯선 동네로 이사 온 남매 ''헨리''와 ''나탈리'' 그리고 그들을 돕는 부동산 중개업자 ''던''. 이들은 ‘개릿’이 수집한 ‘큐브’가 내뿜는 신비한 빛을 따라가다 어느 폐광 속에 열린 포털을 통해 미지의 공간으로 빨려들어간다. 산과 나무, 구름과 달, 심지어 꿀벌까지 상상하는 모든 것이 네모난 현실이 되는 이곳은 바로 ‘오버월드’. 일찍이 이 세계로 넘어와 완벽하게 적응한 ‘스티브’를 만난 네 사람은 지하세계 ‘네더’를 다스리는 마법사 ‘말고샤’의 침공으로 ‘오버월드’가 위험에 빠졌다는 사실을 알게 된다. 현실 세계로 돌아가기 위해서는 일단 살아남아야 하는 법! 다섯 명의 ‘동글이’들은 ‘오버월드’를 구하기 위해 힘을 합치게 되는데…','https://image.tmdb.org/t/p/w342/k5aQ2TqKcQFwPoXHkpAGoKNVDLZ.jpg','Warner Bros. Pictures','Sweden',0,'2025-03-31',101,'Released','A MINECRAFT MOVIE 마인크래프트 무비',11),
    (2,0,'무자비한 경찰인 데브 암브레는 살인 사건 해결을 마친 직후 사고로 기억을 잃고 이제 기억 상실을 DCP 파르한 칸을 제외한 모든 사람에게 비밀로 유지한 채 다시 조사해야 합니다.','https://image.tmdb.org/t/p/w342/4wKpglgZYMYpISMdThgdqS1TSQc.jpg','Zee Studios','India',0,'2025-01-31',155,'Released','देवा',12),
    (3,0,'고급 호텔의 주차 요원, 접수 직원, 바텐더인 그들은 낮엔 사람들 눈에 띄지 않지만, 밤이면 도로에서 호텔의 부유한 고객을 추적해 강탈하는, 운전 실력이 노련한 카재커다. 이들이 최후의 한판을 계획하는 사이, 호텔 지배인은 무자비한 암살자를 고용해 어떤 대가를 치르더라도 그들을 막으려 한다. 위험이 다가오고 있는 상황에서, 노라, 조에, 스테브, 프레스는 과연 대미를 장식할 수 있을까?','https://image.tmdb.org/t/p/w342/wbkPMTz2vVai7Ujyp0ag7AM9SrO.jpg','Gaumont','France',0,'2025-03-27',97,'Released','카재커',13),
    (4,0,'대통령이 된 새디우스 로스와 재회 후, 국제적인 사건의 중심에 서게 된 샘이 전 세계를 붉게 장악하려는 사악한 음모 뒤에 숨겨진 존재와 이유를 파헤쳐 나가는 액션 블록버스터','https://image.tmdb.org/t/p/w342/2MQdtfioyYSqgwkK07PSrBidOBC.jpg','Marvel Studios','United States of America',0,'2025-02-12',119,'Released','캡틴 아메리카: 브레이브 뉴 월드',14),
    (5,0,'​전직 군인 조이 록(데이지 리들리 분)은 런던의 고층 빌딩에서 창문 청소부로 일하며 조용한 삶을 살아간다. 그러나 환경 운동가들이 에너지 기업의 연례 갈라 행사에서 건물을 점거하고 인질을 잡는 사태가 발생한다. 그 인질 중에는 조이의 오빠 마이클 록(매튜 턱 분)이 포함되어 있다. 조이는 자신의 군사 경험을 바탕으로 인질들을 구출하기 위해 목숨을 건 사투를 벌이게 되는데...','https://image.tmdb.org/t/p/w342/mwzDApMZAGeYCEVjhegKvCzDX0W.jpg','Anton','United Kingdom',0,'2025-02-19',96,'Released','클리너',15),
    (6,0,'','https://image.tmdb.org/t/p/w342/dDlfjR7gllmr8HTeN6rfrYhTdwX.jpg','Constantin Film','Germany',0,'2025-02-27',102,'Released','인 더 로스트 랜즈',16),
    (7,0,'','https://image.tmdb.org/t/p/w342/76qnVxU2rPdVvipBN3DPQH6fVYB.jpg','Versus Entertainment','Spain',0,'2024-11-29',0,'Released','Pídeme lo que quieras',17),
    (8,0,'전직 블랙 옵스 요원이었던 레본 케이드(제이슨 스타뎀)는 평범한 건설 노동자로 살아가며 딸과 함께 조용한 삶을 추구하고 있었으나 그의 상사의 딸이 인신매매 조직에 의해 납치되면서, 다시 과거의 전투 기술을 사용해 그녀를 구하기 위해 나서게 된다. 이 과정에서 시카고의 범죄 조직과 러시아 마피아와 얽히며, 부패와 폭력으로 가득 찬 어두운 세계를 마주하게 되는데...','https://image.tmdb.org/t/p/w342/6FRFIogh3zFnVWn7Z6zcYnIbRcX.jpg','Cedar Park Entertainment','United Kingdom',0,'2025-03-26',116,'Released','워킹 맨',18),
    (9,0,'친구 티모와 함께 차린 마카롱 가게가 쫄딱 망해 거액의 빚을 지고 못 갚으면 죽이겠다는 사채업자를 피해 지구를 떠나야 하는 미키. 기술이 없는 그는, 정치인 마셜의 얼음행성 개척단에서 위험한 일을 도맡고, 죽으면 다시 프린트되는 익스펜더블로 지원한다. 4년의 항해와 얼음행성 니플하임에 도착한 뒤에도 늘 미키를 지켜준 여자친구 나샤. 그와 함께, 미키는 반복되는 죽음과 출력의 사이클에도 익숙해진다. 그러나 미키 17이 얼음행성의 생명체인 크리퍼와 만난 후 죽을 위기에서 돌아와 보니 이미 미키 18이 프린트되어 있다. 행성 당 1명만 허용된 익스펜더블이 둘이 된 멀티플 상황. 둘 중 하나는 죽어야 하는 현실 속에 걷잡을 수 없는 사건이 기다리고 있었으니…','https://image.tmdb.org/t/p/w342/7KghOYtsxFquUuw4THbARsSEo6g.jpg','Warner Bros. Pictures','United States of America',0,'2025-02-28',137,'Released','미키 17',19),
    (10,0,'글로벌 범죄 조직의 두목을 쫓는 인터폴 요원은 라스베가스로 목표물을 추적하지만, 범죄 조직이 그의 아내와 딸을 살해하자 그는 복수를 위해 법을 초월한다.','https://image.tmdb.org/t/p/w342/6B5VpGiXWZbKrwmigYaLE6mzXNh.jpg','Dbuck Films','United States of America',0,'2023-10-20',76,'Released','다이하드 히트',20),
    (11,0,'','https://image.tmdb.org/t/p/w342/x4nWnfgJvL045rcUCSJzfgIIY9i.jpg','The Royal Budapest Film Company','United States of America',0,'2025-04-03',102,'Released','Fight or Flight',21),
    (12,0,'제2차 세계대전 전투 실화!\r 가족 윤리 명예를 둘러싼 부대원들의 전쟁이 시작된다!\r 가족, 윤리, 그리고 명예에 관한 전쟁 옴니버스가 펼쳐진다!\r 자살 트럭 폭탄을 막기 위해 6초 동안 자신의 입장을 고수해야 하는 두 명의 미 해병대원, 자신의 인간성을 붙잡으려는 해군대원, 그리고 자신의 분대에서 떨어져 코드를 재평가해야 하는데...','https://image.tmdb.org/t/p/w342/9SW9Y0dJdc9L2y3c3YqFrRAIeaw.jpg','','',0,'2025-03-20',92,'Released','코드 오브 워',22),
    (13,0,'','https://image.tmdb.org/t/p/w342/63tvLp9pYygvAaqWpikjTq9FHy7.jpg','Zentropa Entertainments','Denmark',0,'2024-10-31',110,'Released','De lydløse',23),
    (14,0,'바다를 누볐던 선조들에게서 예기치 못한 부름을 받은 모아나가 마우이와 다시 만나 새로운 선원들과 함께 오랫동안 잊혀진 멀고 위험한 바다 너머로 떠나는 특별한 모험을 담은 이야기','https://image.tmdb.org/t/p/w342/hwmwTFtMbzxAWbIOp1RyyiOCyx0.jpg','Walt Disney Pictures','Canada',0,'2024-11-21',99,'Released','모아나 2',24),
    (15,0,'','https://image.tmdb.org/t/p/w342/mOR1Ks0EcXocwMV4EPv4letz0F5.jpg','Jagged Edge Productions','United Kingdom',0,'2025-01-13',89,'Released','Peter Pan''s Neverland Nightmare',25),
    (16,0,'길을 잃고 혼자가 된 새끼 사자 무파사는 광활한 야생을 떠돌던 중 왕의 혈통이자 예정된 후계자 타카와 우연히 만나게 된다. 마치 친형제처럼 끈끈한 우애를 나누며 함께 자란 무파사와 타카는 운명을 개척하기 위해 거대한 여정을 함께 떠난다. 한 치 앞을 알 수 없는 적들의 위협 속에서 두 형제의 끈끈했던 유대에 금이 가기 시작하고 예상치 못한 위기까지 맞닥뜨리게 되는데…','https://image.tmdb.org/t/p/w342/1VUExee8iFohFTwYVi4IOArYyaM.jpg','Walt Disney Pictures','United States of America',0,'2024-12-18',118,'Released','무파사: 라이온 킹',26),
    (17,0,'','https://image.tmdb.org/t/p/w342/iSSx9Bys64vlOkvkyKXtp19P7Re.jpg','Sony Pictures International Productions','Mexico',0,'2024-10-31',107,'Released','Turno nocturno',27),
    (18,0,'너클즈, 테일즈와 함께 평화로운 일상을 보내던 초특급 히어로 소닉. 연구 시설에 50년간 잠들어 있던 사상 최강의 비밀 병기 \"섀도우\"가 탈주하자, 세계 수호 통합 부대(약칭 세.수.통)에 의해 극비 소집된다. 소중한 것을 잃은 분노와 복수심에 불타는 섀도우는 소닉의 초고속 스피드와 너클즈의 최강 펀치를 단 단숨에 제압해버린다. 세상을 지배하려는 닥터 로보트닉과 그의 할아버지 제럴드 박사는 섀도우의 엄청난 힘 카오스 에너지를 이용해 인류를 정복하려고 하는데…','https://image.tmdb.org/t/p/w342/5ZoI48Puf5i5FwI6HOpunDuJOw0.jpg','Paramount Pictures','United States of America',0,'2024-12-19',110,'Released','수퍼 소닉 3',28),
    (19,0,'','https://image.tmdb.org/t/p/w342/cYB3SHhITJSbRoisgn9QQTP8YkZ.jpg','Sobini Films','United Kingdom',0,'2024-04-26',85,'Released','Cinderella''s Revenge',29),
    (20,0,'','https://image.tmdb.org/t/p/w342/kxxWBEn7qTN2xumSferCHbDudcT.jpg','Epic Pictures Group','United States of America',0,'2024-10-18',86,'Released','Ghost Game',30),
    (21,0,'뛰어난 정보력과 고도의 심리전에 능통한 요원 ‘조지’와 날카로운 직관력을 가진 정보 분석가 ‘캐슬린’은 모두가 선망하는 정보국 대표 부부. 어느 날, 수천 명을 죽음에 빠트릴 수 있는 정보국의 기밀 기술이 내부 배신자에 의해 사라지고 ‘조지’는 사건에 얽힌 5명의 요원을 주목하지만 모든 증거는 그의 아내 ‘캐슬린’을 향하는데…','https://image.tmdb.org/t/p/w342/5004eGQ1VsSzc9nVCg52Gw09fqI.jpg','Casey Silver Productions','United States of America',0,'2025-03-12',94,'Released','블랙 백',31),
    (22,0,'','https://image.tmdb.org/t/p/w342/ohESp5Nw49OD4ExCeNYCEIGX2iq.jpg','Cognetti Films','United States of America',0,'2025-04-04',101,'Released','825 Forest Road',32),
    (23,0,'전국시대의 역사 개조를 막고 현대의 고담시로 돌아온 배트맨들.하지만 다음날 일본 열도가 사라지고 고담시 상공에 거대한 섬 ''히노모토''가 나타난다.수많은 야쿠자들이 내려와 고담시를 습격하는 가운데, 시민을 보호해야 할 저스티스 리그도 사라졌다는 사실이 밝혀진다.상공에서 특별한 에너지 반응을 감지한 배트맨은 진상을 파악하기 위해 히노모토로 향한다.그곳에는 야쿠자가 야쿠자를 지배하는 궁극의 인의 없는 세계가 펼쳐져 있었고, 그 정점에 군림하는 것은 저스티스 리그의 멤버들과 외모도 능력도 똑 닮은 ''야쿠자 리그''의 초인들이었으니...','https://image.tmdb.org/t/p/w342/y2mQtPz6uDdw4CRpSdU5tlGB2MA.jpg','Kamikaze Douga','Japan',0,'2025-03-17',90,'Released','배트맨 닌자 VS 야쿠자리그',33),
    (24,0,'','https://image.tmdb.org/t/p/w342/n0UHDoXwe93WJX7FZ4mSDF39BKe.jpg','Millman Productions','United States of America',0,'2025-03-21',88,'Released','Popeye the Slayer Man',34),
    (25,0,'미셸 도커리가 연기하는 부지런한 미국 연방보호관 매들린 해리스는 마피아 조직의 회계사였던 윈스턴(토퍼 그레이스)을 증인 보호 프로그램으로 이송하는 임무를 맡게 된다. 그들은 알래스카의 황량한 설원을 가로지르는 작은 비행기에 탑승하며, 이 비행기의 조종사는 다릴 부스(마크 월버그)다. 그러나 비행 도중, 이들이 탑승한 비행기는 예상치 못한 위험에 직면하게 되고, 매들린은 조종사와 승객들의 숨겨진 의도를 의심하게 된다. 한정된 공간에서 긴장감이 고조되는 가운데, 매들린은 비행기의 조종을 직접 맡아야 하는 상황에 이르게 되는데...','https://image.tmdb.org/t/p/w342/zstC9sgsPaV98TaZtHL6aTtBUtB.jpg','Davis Entertainment','United States of America',0,'2025-01-22',91,'Released','플라이트 리스크',35),
    (26,0,'','https://image.tmdb.org/t/p/w342/yy2dmnBlPhx21GUMUJUPxA9QUFp.jpg','Kaapland Films','South Africa',0,'2023-10-18',105,'Released','Breathing In',36),
    (27,0,'눈보라가 몰아치던 겨울 밤 태어난 백설공주. 온정이 넘치던 왕국에서 모두의 사랑을 받았지만, 강력한 어둠의 힘으로 왕국을 빼앗은 여왕의 위협에 숲으로 도망친다. 마법의 숲에서 간신히 살아남은 백설공주는 신비로운 일곱 광부들과 만나게 되며 새로운 세상을 마주하고, 마음속 깊이 숨겨진 용기와 선한 힘을 깨닫게 된다. 그리고 마침내, 빼앗긴 왕국을 되찾기 위해 여왕과 맞서 싸우기로 결심하는데…','https://image.tmdb.org/t/p/w342/7EruTgYzDFM8kWhr2ysuuwoXFqk.jpg','Walt Disney Pictures','United States of America',0,'2025-03-19',109,'Released','백설공주',37),
    (28,0,'어머니의 부탁으로, 10대 시절 작성한 버킷 리스트를 실현하러 떠난 젊은 여성. 여정 속에서 가족의 숨겨진 비밀과 뜻밖의 사랑을 발견하고, 자신의 새로운 모습을 찾게 된다.','https://image.tmdb.org/t/p/w342/2fXrKKgTo0gjEAEdjEdhekX4qxl.jpg','3dot Productions','United States of America',0,'2025-03-27',123,'Released','라이프 리스트',38),
    (29,0,'인질 구출 작전 중 새로운 적을 얻게 된 게레로 대위와 정예 부대원들. 그 여파로 범죄 조직의 급습을 받게 된다.','https://image.tmdb.org/t/p/w342/6wHJ0hnFx5ZGTvSUTqq3WC07DgN.jpg','Draco Films','Mexico',0,'2025-02-27',85,'Released','역습',39),
    (30,0,'','https://image.tmdb.org/t/p/w342/fXx7wPWSfCrWApWsB4kLoiGzbSP.jpg','VelCurve Studio','Thailand',0,'2024-07-04',148,'Released','ยูเรนัส 2324',40),
    (31,0,'고도의 훈련을 받은 두 요원는 비밀스러운 협곡의 양쪽을 지키는 임무를 받은 후 멀리서 서로와 서서히 친해진다. 도사리고 있던 악이 드러나자, 둘은 협곡 안의 위험으로부터 살아남기 위해 협력해야만 한다.','https://image.tmdb.org/t/p/w342/fhPj5pWbCoVoz8sehfaCeIWWFxc.jpg','Skydance Media','United States of America',0,'2025-02-13',127,'Released','''더 캐니언'' - The Gorge',41),
    (32,0,'가족을 살해했다는 누명을 쓴 채 식물인간으로 방치되었던 전직 킬러. 도시를 점령한 가면 쓴 ‘악귀들’을 향한 그의 거침없는 복수가 시작된다.','https://image.tmdb.org/t/p/w342/45us5s9vvXwah7rxF6lzYpKpzPi.jpg','Netflix','Japan',0,'2025-02-26',106,'Released','데몬 시티: 악귀 죽이기',42),
    (33,0,'최고의 킬러가 마지막 의뢰를 맡아 태국으로 향하고, 불의의 사건을 겪은 뒤 방콕 갱단과 마지막 전면전을 벌인다.','https://image.tmdb.org/t/p/w342/h1BtcTEk0pbe9XhbxrAp2oLKoWb.jpg','','',0,'2024-06-20',103,'Released','헬하운드',43),
    (34,0,'','https://image.tmdb.org/t/p/w342/p2aM5FtUHmKp28AfiZCP6rkQJiw.jpg','Yale Entertainment','United States of America',0,'2024-04-24',87,'Released','Clawfoot',44),
    (35,0,'','https://image.tmdb.org/t/p/w342/qx0NV9VEZTXN5c1qruhyHclMauY.jpg','23ten','United Kingdom',0,'2024-12-13',93,'Released','Old Guy',45),
    (36,0,'','https://image.tmdb.org/t/p/w342/m0du9dsiOVeb0SgfqR8ZAEPRxww.jpg','A24','United States of America',0,'2025-03-13',104,'Released','오퍼스',46),
    (37,0,'환상의 케미스트리의 에디 브록과 그의 심비오트 베놈은 그들을 노리는 정체불명 존재의 추격을 피해 같이 도망을 다니게 된다. 한편 베놈의 창조자 널은 고향 행성에서부터 그들을 찾아내기 위해 지구를 침략하고 에디와 베놈은 그동안 겪어보지 못한 최악의 위기를 맞이하게 되는데…','https://image.tmdb.org/t/p/w342/ptfoRD0MmL8Ry0iBVccYbqoN9Xc.jpg','Columbia Pictures','United States of America',0,'2024-10-22',109,'Released','베놈: 라스트 댄스',47),
    (38,0,'','https://image.tmdb.org/t/p/w342/6E6fBED3ix7FmrWUWZdeYG4vqK8.jpg','Dept.9 Studios','Canada',0,'2024-07-21',94,'Released','Dark Match',48),
    (39,0,'','https://image.tmdb.org/t/p/w342/r01XiXILuu0uymj8yvpRyiD9hB0.jpg','Videocine','Mexico',0,'2024-12-25',0,'Released','Una pequeña confusión',49),
    (40,0,'','https://image.tmdb.org/t/p/w342/kcspKUpofalIuPgAndZOMJz0hwg.jpg','Raajkamal Films International','India',0,'2024-10-31',169,'Released','அமரன்',50),
    (41,0,'죽음의 문턱에서 맹수의 초인적인 힘을 얻고 살아 돌아온 크레이븐이 무자비한 복수의 길을 택하며 거침없는 사냥을 펼치는 액션 블록버스터','https://image.tmdb.org/t/p/w342/bA45ooXcp2B2qnMePfZ9QDL4wR5.jpg','Columbia Pictures','United States of America',0,'2024-12-11',127,'Released','크레이븐 더 헌터',51),
    (42,0,'플랑크톤과 똑똑한 인공지능 컴퓨터 부부. 어느 날 아내가 플랑크톤에게 반발해 혼자 세계 정복에 나서면서, 둘의 뒤엉킨 러브 스토리가 더 꼬이기 시작한다.','https://image.tmdb.org/t/p/w342/lWtKFO27sIWdbCCOkph3e8cdu06.jpg','Nickelodeon Movies','United States of America',0,'2025-03-08',83,'Released','플랑크톤: 더 무비',52),
    (43,0,'가족들도 못 챙기고 밤낮 없이 범죄들과 싸우는 베테랑 형사 서도철과 강력범죄수사대 형사들. 어느 날, 한 교수의 죽음이 이전에 발생했던 살인 사건들과 연관성이 있는 것으로 밝혀지며 전국은 연쇄살인범으로 인해 떠들썩해진다. 이에 단서를 추적하며 수사를 시작한 형사들. 하지만 이들을 비웃기라도 하듯, 연쇄살인범은 다음 살인 대상을 지목하는 예고편을 인터넷에 공개하며 또 한 번 전 국민을 흔들어 놓는다. 강력범죄수사대는 서도철의 눈에 든 정의감 넘치는 막내 형사 박선우를 투입한다. 그리고 사건은 새로운 방향으로 흐르게 되는데...','https://image.tmdb.org/t/p/w342/akqfhtM1Wa1klFi7ijmyNm7Sm1j.jpg','Filmmaker R&K','South Korea',0,'2024-09-13',118,'Released','베테랑 2',53),
    (44,0,'평범한 외모, 평범한 성격, 평범한 직업, 이보다 더 평범할 수 없는 은행원 ‘네이선 케인’은 남들과 다른 비밀을 숨기고 있다. 그것은 바로 선천성 무통각증으로 신체적 고통을 전혀 느끼지 못한다는 것. 첫눈에 반한 직장 동료 ‘셰리’와 완벽한 첫 데이트 후 설레는 마음도 잠시, 은행에 들이닥친 무장 강도단에게 ‘셰리’가 인질로 납치되고 만다. 오직 그녀를 구하겠다는 마음으로 강도를 쫓던 ‘네이선’은 자신의 특별한 능력(?)을 사용해 온몸을 무기 삼아 극한의 위험 속에 뛰어드는데…','https://image.tmdb.org/t/p/w342/dVi5wC7pctrEd6vOWoteIrm3d6s.jpg','Circle of Confusion','United States of America',0,'2025-03-12',109,'Released','노보케인',54),
    (45,0,'','https://image.tmdb.org/t/p/w342/rAAIqHD7frLty44dMotxa62oUYn.jpg','White Fox','Japan',0,'2018-06-02',109,'Released','피스 메이커 철: 상도',55),
    (46,0,'로마의 영웅이자 최고의 검투사였던 막시무스가 콜로세움에서 죽음을 맞이한 뒤 20여 년이 흐른 후. 쌍둥이 황제 게타와 카라칼라의 폭압 아래 시민을 위한 자유로운 나라 로마의 꿈은 잊힌 지 오래다. 한편 아카시우스 장군이 이끄는 로마군에 대패한 후 모든 것을 잃고 노예로 전락한 루시우스는 강한 권력욕을 지닌 마크리누스의 눈에 띄어 검투사로 발탁된다. 로마를 향한 걷잡을 수 없는 분노, 타고난 투사의 기질로 콜로세움에 입성하게 된 루시우스는 결투를 거듭하며 자신이 진짜 누구인지 알게 되고 마침내 로마의 운명을 건 결전을 준비하게 되는데...!','https://image.tmdb.org/t/p/w342/b5UXjzW5cLZhprMnlAmsVAA3G4t.jpg','Paramount Pictures','United States of America',0,'2024-11-13',148,'Released','글래디에이터 II',56),
    (47,0,'','https://image.tmdb.org/t/p/w342/s6kFtdxfTC4xR8yDGbIjTgGEcFI.jpg','','Mongolia',0,'2025-02-07',83,'Released','Z Zone',57),
    (48,0,'''그레이스''는 자신의 달팽이, ''실비아''에게 살아온 이야기를 시작한다. 잦은 병치레, 수면무호흡증으로 언제 위험해질지 모르는 알코올 중독자 아빠, 또래 친구들의 괴롭힘… 씁쓸한 유년 시절 유일한 빛이자 영웅이 되어준 건 쌍둥이 ''길버트''이다. 하지만 서로 다른 지역으로 입양돼 헤어지게 되며 서로에 대한 그리움으로 하루하루를 살아나간다. 계속되는 잔잔하고도 외로운 일상 속, 우연히 ‘핑키’라는 괴짜 할머니를 만나 우정을 쌓게 되고 그레이스는 다시금 인생의 희망을 찾아가기 시작하는데…','https://image.tmdb.org/t/p/w342/vh549pxJL5GcQ8MN1jLgubOsNrq.jpg','Arenamedia','Australia',0,'2024-10-17',94,'Released','달팽이의 회고록',58),
    (49,0,'경찰에 스카우트된 한물간 DJ. 라이벌 DJ와 관련된 범죄 조직을 소탕하려는 이번 작전을 통해 다시금 정상 탈환을 꿈꾼다. 끝내주는 음악과 함께.','https://image.tmdb.org/t/p/w342/vqYqG5Jjv5emWil1RVWQJP6B50s.jpg','Iconoclast','France',0,'2025-04-01',90,'Released','언더커버 DJ',59),
    (50,0,'','https://image.tmdb.org/t/p/w342/f1KLUpaW7rbXhUm5SxG1lpPFFCJ.jpg','Maddock Films','India',0,'2025-01-24',125,'Released','स्काई फ़ोर्स',60),
    (51,0,'\"공포의 근원, 악을 품은 인형의 저주\"\r 쌍둥이 형제 빌과 테드는 할아버지의 유품 정리 중 오래된 원숭이 장난감을 발견한다. 심벌즈를 치는 이 원숭이 인형은 어린 시절 그들에게 공포의 대상이었지만, 이제 어른이 된 두 형제는 그것을 단순한 장난감으로 치부한다. 하지만 인형이 다시 집에 들어오자 기이한 사건들이 연이어 발생하기 시작한다. 어린 시절의 트라우마가 되살아나고, 원숭이 인형을 둘러싼 끔찍한 비밀이 드러나며 형제의 삶은 걷잡을 수 없는 혼돈 속으로 빠져드는데...','https://image.tmdb.org/t/p/w342/yYa8Onk9ow7ukcnfp2QWVvjWYel.jpg','Atomic Monster','Canada',0,'2025-02-14',98,'Released','더 몽키',61),
    (52,0,'튤립이 가득한 미시간주 홀랜드에서 지역사회 기둥인 남편 및 아들과 함께 그림 같은 삶을 사는 세심한 교사 겸 가정주부 낸시 밴더그루트가 왜곡된 이야기에 휘말리는 예측 불가능한 스릴러. 비밀을 감지한 낸시가 친절한 동료와 함께 알아낸 진실 하나. 그들의 삶은 겉보기와는 전혀 달랐다.','https://image.tmdb.org/t/p/w342/WpNvu5wmoh5wA0xY6HzUa8UuZ8.jpg','Amazon MGM Studios','United Kingdom',0,'2025-03-27',110,'Released','홀랜드',62),
    (53,0,'인간이 살았던 흔적만이 남아있는 세상, 홀로 집을 지키던 ''고양이''는 갑작스러운 대홍수로 평화롭던 일상과 아늑했던 터전을 잃고 만다. 때마침 다가온 낡은 배에 올라탄 ''고양이''는 그 안에서 ''골든 리트리버'', ''카피바라'', ''여우원숭이'', ''뱀잡이수리''를 만나고 서로의 차이점을 극복하고 팀을 이뤄 험난한 파도를 헤쳐나간다.','https://image.tmdb.org/t/p/w342/8ntMUYy0b0NIGWSWvMr07ui7CCJ.jpg','Dream Well Studio','Latvia',0,'2024-08-29',85,'Released','플로우',63),
    (54,0,'동생이 실종되고 그녀의 추격이 시작됐다!  해병대 소속 군인 제시카.  무용수를 꿈꾸는 열세살 동생 에이미는 그녀의 전부와 다름없다.  집으로 돌아오려던 그 때,  제시카는 에이미가 성매매 업자들에게 납치됐다는 사실을 듣게 되는데…','https://image.tmdb.org/t/p/w342/oDKoTsd6ftFW32ugSTsxeVcePZC.jpg','Shattered Images Films','United States of America',0,'2023-09-08',100,'Released','시스터 리벤저',64),
    (55,0,'우연한 사고로 거대한 야생에 불시착한 로봇 로즈는 주변 동물들의 행동을 배우며 낯선 환경 속에 적응해 가던 중, 사고로 세상에 홀로 남겨진 아기 기러기 브라이트빌의 보호자가 된다. 로즈는 입력되어 있지 않은 새로운 역할과 관계에 낯선 감정을 마주하고 겨울이 오기 전에 남쪽으로 떠나야 하는 브라이트빌을 위해 동물들의 도움을 받아 이주를 위한 생존 기술을 가르쳐준다. 그러나 선천적으로 몸집이 작은 브라이트빌은 짧은 비행도 힘겨워 하는데...','https://image.tmdb.org/t/p/w342/8dkuf9IuVh0VZjDTk7kAY67lU0U.jpg','DreamWorks Animation','United States of America',0,'2024-09-12',102,'Released','와일드 로봇',65),
    (56,0,'서로에게 딱 맞는 커플 ‘아이리스’와 ‘조시’는 친구들과 함께 호숫가의 별장으로 호화로운 휴가를 떠난다. 하지만 그곳에는 충격적인 사건이 기다리고 있는데…','https://image.tmdb.org/t/p/w342/dq7CEYFCvQPfYIpAXOvJr3w6VLY.jpg','BoulderLight Pictures','United States of America',0,'2025-01-22',97,'Released','컴패니언',66),
    (57,0,'액션 스타 재키가 우연히 전 세계적인 인기를 한 몸에 받고 있는 ‘후후’라는 아기 판다 구출 작전에 합류하게 되면서 벌어지는 이야기','https://image.tmdb.org/t/p/w342/zNU7A18Py3jHArZFLH2d4WUTbMS.jpg','Emei Film Studio','China',0,'2024-10-01',99,'Released','판다 플랜',67),
    (58,0,'히어로 생활에서 은퇴한 후, 평범한 중고차 딜러로 살아가던 데드풀이 예상치 못한 거대한 위기를 맞아 모든 면에서 상극인 울버린을 찾아가게 되며 펼쳐지는 도파민 폭발 액션 블록버스터.','https://image.tmdb.org/t/p/w342/dsfAcQ5J7TPOpJgcX8R1lRBqiMK.jpg','Marvel Studios','United States of America',0,'2024-07-24',128,'Released','데드풀과 울버린',68),
    (59,0,'슈트-업 하고 악당 전담 처리반 AVL이 된 에이전트 미니언즈와 미니언즈 만큼 귀여운 그루 주니어가 태어나면서 더욱 완벽해진 그루 패밀리. 이들 앞에 과거 그루의 고등학교 동창이자 그에게 체포당했던 빌런 맥심이 등장하고, 오직 그루를 향한 복수심에 불타올라 탈옥까지 감행한 맥심은 그루 패밀리의 뒤를 바짝 추격하며 위협을 가하기 시작하는데... 과연 에이전트 미니언즈와 그루 패밀리는 맥심을 막아낼 수 있을까?','https://image.tmdb.org/t/p/w342/vZmCFVff9JySHTUp9zbYUIAcxzc.jpg','Universal Pictures','United States of America',0,'2024-06-20',94,'Released','슈퍼배드 4',69),
    (60,0,'','https://image.tmdb.org/t/p/w342/ch09yqv7K628OyITentI9LDQQCy.jpg','Malabar Animation Studio','Argentina',0,'2024-06-07',0,'Released','Robotia, la película',70),
    (61,0,'다른 차원과 이쪽 세계를 이어 주는 통로인 ''게이트가'' 갑자기 발생한 지 10여 년. 세계에는 ''헌터''라고 불리는 초인적인 힘에 각성한 사람들이 출현했다. 헌터는 그 힘을 사용해 게이트 안의 던전을 공략하고 대가를 받는 것을 생업으로 하고 있는데 강자들만 모인 헌터들 중 ''성진우''는 인류 최약병기라 불리는 저랭크 헌터로서 생활하고 있었다. 어느 날, 저랭크 던전에 숨겨진 고랭크 이중 던전에서 빈사의 중상을 입은 성진우의 눈앞에 수수께끼의 퀘스트창이 나타났다. 죽음의 순간, 퀘스트를 수락하기로 결심한 성진우는 자신만 ''레벨업''할 수 있게 되는데── 전직 퀘스트를 클리어하고 그림자 병사를 부릴 수 있는 ''그림자 군주''가 된 성진우의 앞에 다음 시련으로서 나타난 것은 상급 던전으로 이어지는 레드 게이트였다──','https://image.tmdb.org/t/p/w342/vOONcAbFSVCOgct9k4JJPLbPvOi.jpg','Aniplex','Japan',0,'2024-11-26',116,'Released','나 혼자만 레벨업 -리어웨이크닝-',71),
    (62,0,'노아는 남자 친구와 친구들이 있는 동네를 뒤로하고 엄마의 새 부자 남편 저택으로 이사를 가게 된다. 의붓오빠 닉과는 첫 만남부터 삐걱댔지만 곧 서로에게 이끌려 금지된 관계를 맺는다. 반항심과 고뇌로 가득 찬 그들의 인생은 송두리째 흔들리고 둘은 결국 뜨거운 사랑에 빠진다.','https://image.tmdb.org/t/p/w342/duT8Vks5FXwDkpxoR84xb2a6VB6.jpg','Pokeepsie Films','Spain',0,'2023-06-08',117,'Released','나의 잘못',72),
    (63,0,'어느 날, 사랑하는 아내가 살해당했다. 내가 소속된 CIA는 침묵했고 진실은 묻혔다. 나는 프로 킬러도, 현장 요원도 아니다. 암호를 풀던 내가 이제는 복수를 설계한다. 놈들을 반드시 찾아내서 똑같이 갚아줄 것이다. 컴퓨터나 두들기는 범생이, 총 한 발 못 쏘는 ‘아마추어’라고 생각했겠지만, 내가 잘하는 게 뭔지 알기나 해?','https://image.tmdb.org/t/p/w342/cmwcZimmMNzEUoXQenGAcWaxmge.jpg','20th Century Studios','United States of America',0,'2025-04-09',123,'Released','아마추어',73),
    (64,0,'13살이 된 라일리의 행복을 위해 매일 바쁘게 머릿속 감정 컨트롤 본부를 운영하는 ‘기쁨’, ‘슬픔’, ‘버럭’, ‘까칠’, ‘소심’. 그러던 어느 날, 낯선 감정인 ‘불안’, ‘당황’, ‘따분’, ‘부럽’이가 본부에 등장하고, 언제나 최악의 상황을 대비하며 제멋대로인 ‘불안’이와 기존 감정들은 계속 충돌한다. 결국 새로운 감정들에 의해 본부에서 쫓겨나게 된 기존 감정들은 다시 본부로 돌아가기 위해 위험천만한 모험을 시작하는데…','https://image.tmdb.org/t/p/w342/x2BHx02jMbvpKjMvbf8XxJkYwHJ.jpg','Walt Disney Pictures','United States of America',0,'2024-06-11',97,'Released','인사이드 아웃 2',74),
    (65,0,'','https://image.tmdb.org/t/p/w342/skPPVeHoTTVVSJlb0Ib5vrqiuA4.jpg','87North Productions','United States of America',0,'2025-02-06',83,'Released','러브 허츠',75),
    (66,0,'한때 아카데미상을 수상하고 명예의 거리까지 입성한 대스타였지만 지금은 TV 에어로빅 쇼 진행자로 전락한 엘리자베스. 50살이 되던 날, 프로듀서에게서 어리고 섹시하지 않다는 이유로 해고를 당한다. 돌아가던 길에 차 사고로 병원에 실려간 엘리자베스는 매력적인 남성 간호사로부터 서브스턴스라는 약물을 권유받는다. 한 번의 주사로 젊고 아름답고 완벽한 수가 탄생하는데...','https://image.tmdb.org/t/p/w342/oUkeyrXvGUEylOQtlYMv9esNRiu.jpg','Working Title Films','France',0,'2024-09-07',140,'Released','서브스턴스',76),
    (67,0,'\"반쪽은 개, 반쪽은 인간, 그야말로 영웅의 탄생!\"\r 한 경찰견과 그의 파트너인 경찰관이 함께 부상당한 후, 기적 같은 수술로 하나가 되어 ''도그맨''이 탄생한다. 이제 도그맨은 그의 새로운 정체성을 받아들이며, 도시를 지키기 위해 애쓴다. 하지만 도시를 위협하는 악당, 페티 더 캣과의 싸움에서 도그맨의 진정한 힘이 시험받게 되는데...','https://image.tmdb.org/t/p/w342/89wNiexZdvLQ41OQWIsQy4O6jAQ.jpg','DreamWorks Animation','United States of America',0,'2025-01-24',89,'Released','도그맨',77),
    (68,0,'싸이렌이 온 거리를 울려 퍼지며 요란한 추격씬이 벌어지는 도중 한 녀석이 콜벳를 몰고 다리를 돌진, 200미터 높이에서 자동차 번지를 시도한다. 짜릿한 곡예를 선보인 후 낙하산을 펴고 유유히 사라지는 녀석의 이름은 ''젠더 케이지''. 인터넷에 생방송된 이 장면은 전세계 네티즌들에게 열렬한 환호를 받는다. 또 한 번의 멋진 프로젝트로 영웅 대접을 받는 젠더 케이지. 그러나 파티가 무르익을 무렵, 갑자기 들이닥친 특수부대는 그에게 신경 안정제를 쏜 후 잠들게 한다. 깨어난 곳은 알 수 없는 레스토랑. 어리둥절한 그 곳은 갑자기 강도들의 침입장으로 돌변하고, 단숨에 상황을 정리해버린 그에게 기븐스가 축하 인사를 전한다. 미국 비밀첩보국 NSA의 1차 테스트를 통과한 것. 이후 또 다시 잠에서 깨어난 곳은 비행기 안. 2번째 테스트로 콜럼비아 마약 밀매상의 아지트에 던져진 젠더 케이지. 때마침 콜럼비아 정부와 마약상들의 충돌로 아수라장이 된 그곳에서 살아남기 위한 치열한 전쟁이 펼쳐지는데...  상황종료 후 유유히 나타난 기븐스는 NSA의 테스트를 유일하게 통과한 그에게 비밀요원이 되어줄 것을 부탁한다. 단 그렇지 않을 경우는 감옥행뿐이라는 단서를 둔다. 젠더 케이지의 코드명은 트리플 X. 첫번째 임무지는 비밀요원의 무덤이라는 별칭을 가지고 있는 도시 프라하. 이제 얼떨결에 비밀요원이 되어버린 트리플 X의 위험한 여정이 시작되는데.','https://image.tmdb.org/t/p/w342/xeEw3eLeSFmJgXZzmF2Efww0q3s.jpg','Columbia Pictures','United States of America',0,'2002-08-09',124,'Released','트리플 엑스',78),
    (69,0,'','https://image.tmdb.org/t/p/w342/oyGyAQZOj7NzyLxCZX7FHKYELP1.jpg','Vista Sur Films','Argentina',0,'2024-10-17',106,'Released','Dalia y el libro rojo',79),
    (70,0,'엘리트 수사팀에서 내쫓기듯 좌천된 뒤로 방황에 빠진 경찰. 그러던 어느 날, 옛 동료들이 의문의 살인 사건에 희생되자 혼자 수사를 개시한다.','https://image.tmdb.org/t/p/w342/gzYVqFyCAskDOkr9jtl82j2T8AU.jpg','Gaumont','France',0,'2025-02-27',124,'Released','바스티옹 36번지',80),
    (71,0,'세계 각국의 정부와 경제가 완전히 붕괴된 미래가 다가온다. 지난 20세기에 범한 잘못이 전 세계적인 식량 부족을 불러왔고, NASA도 해체되었다. 나사 소속 우주비행사였던 쿠퍼는 지구에 몰아친 식량난으로 옥수수나 키우며 살고 있다. 거센 황사가 몰아친 어느 날 알 수 없는 힘에 이끌려 딸과 함께 도착한 곳은 인류가 이주할 행성을 찾는 나사의 비밀본부. 이 때 시공간에 불가사의한 틈이 열리고, 이 곳을 탐험해 인류를 구해야 하는 임무를 위해 쿠퍼는 만류하는 딸을 뒤로한 채 우주선에 탑승하는데...','https://image.tmdb.org/t/p/w342/evoEi8SBSvIIEveM3V6nCJ6vKj8.jpg','Legendary Pictures','United Kingdom',0,'2014-11-05',169,'Released','인터스텔라',81),
    (72,0,'','https://image.tmdb.org/t/p/w342/vLci7Om940xXupc4kUPTC2JoGWW.jpg','','United States of America',0,'2015-01-27',77,'Released','Minecraft: Into the Nether',82),
    (73,0,'뉴욕의 스트리퍼 아노라는 자신의 바를 찾은 철부지 러시아 재벌2세 이반을 만나게 되고 충동적인 사랑을 믿고 허황된 신분 상승을 꿈꾸며 결혼식을 올리게 된다. 그러나 신데렐라 스토리를 꿈꿨던 것도 잠시, 한 번도 본 적 없는 이반의 부모님이 아들의 결혼 사실을 알게 되자 길길이 날뛰며 미국에 있는 하수인 3인방에게 둘을 잡아 혼인무효소송을 진행할 것을 지시한다. 하수인 3인이 들이닥치자 부모님이 무서워 겁에 질린 남편 이반은 아노라를 버린채 홀로 도망친다. 이반을 찾아 결혼 생활을 유지하고 싶은 아노라와 어떻게든 이반을 찾아 혼인무효소송을 시켜야만 하는 하수인 3인방의 대환장 발악이 시작된다.','https://image.tmdb.org/t/p/w342/sk2JbDCTMHk14owQPm2lryV1fca.jpg','Cre Film','United States of America',0,'2024-10-14',140,'Released','아노라',83),
    (74,0,'','https://image.tmdb.org/t/p/w342/wNNCIduqMy8EJo6Rbl8U0cpdWZI.jpg','Telecinco Cinema','Spain',0,'2024-12-05',0,'Released','Al otro barrio',84),
    (75,0,'시실리에서 이민온 뒤, 정치권까지 영향력을 미치는 거물로 자리잡은 돈 꼴레오네는 갖가지 고민을 호소하는 사람들의 문제를 해결해주며 대부라 불리운다. 한편 솔로소라는 인물은 꼴레오네가와 라이벌인 탓타리아 패밀리와 손잡고 새로운 마약 사업을 제안한다. 돈 꼴레오네가 마약 사업에 참여하지 않기로 하자, 돈 꼴레오네를 저격해 그는 중상을 입고 사경을 헤매게 된다. 그 뒤, 돈 꼴레오네의 아들 소니는 조직력을 총 동원해 다른 패밀리들과 피를 부르는 전쟁을 시작하는데... 가족의 사업과 상관없이 대학에 진학한 뒤 인텔리로 지내왔던 막내 아들 마이클은 아버지가 총격을 당한 뒤, 아버지를 구하기 위해 위험천만한 협상 자리에 나선다.','https://image.tmdb.org/t/p/w342/I1fkNd5CeJGv56mhrTDoOeMc2r.jpg','Paramount Pictures','United States of America',0,'1972-03-14',175,'Released','대부',85),
    (76,0,'','https://image.tmdb.org/t/p/w342/dFWj2rOGsqSIX1PHFghbCBgpMnk.jpg','Yes, Yes Coffee.','United States of America',0,'2025-01-17',86,'Released','Henry Danger: The Movie',86),
    (77,0,'사랑스러운 할머니 미셸은 가장 친한 친구인 마리-클로드의 집과 가까운 부르고뉴의 마을에서 평화로운 은퇴 생활을 즐기고 있다. 그러나 딸 발레리가 가을 방학을 보내기 위해 손자인 뤼카를 데리고 오면서 모든 계획이 어긋나게 된다.','https://image.tmdb.org/t/p/w342/zEhKOyBjwIVAulYMBge09p7zIFy.jpg','Mandarin Cinéma','France',0,'2024-10-02',104,'Released','가을이 오면',87),
    (78,0,'고아가 된 10대 소녀. 오래전 잃어버린 남동생을 찾아 미스터리한 로봇과 함께 길을 떠나는데. 그 여정에서 한 밀수꾼과 그의 재치 있는 조수를 만나 동행이 된다.','https://image.tmdb.org/t/p/w342/ol1oW2eVDHvU1yp30wCHfdY24ei.jpg','AGBO','United States of America',0,'2025-03-07',128,'Released','일렉트릭 스테이트',88),
    (79,0,'','https://image.tmdb.org/t/p/w342/figjQxoiVMNuDJe5wl4nrgAJTDD.jpg','BTF Media','Spain',0,'2025-04-02',0,'Released','Mientras Cupido no está',89),
    (80,0,'크리스마스 D-1, 철통같은 보안을 뚫고 코드명 ''레드 원'' 산타클로스가 납치되고 크리스마스가 사라질 위기에 처했다! ''레드 원''을 찾기 위해 사령관 ''칼럼 드리프트''는 산타클로스 따위는 없다고 믿는 현상금 사냥꾼 ''잭 오말리''와 협력하기로 한다. 시작부터 삐그덕 거리는 이들 앞에 크리스마스의 존재를 위협하는 위험천만한 적들이 나타나는데…','https://image.tmdb.org/t/p/w342/4zNUNhVpSqFggxqvdSXDRzy1QwE.jpg','Seven Bucks Productions','United States of America',0,'2024-10-31',124,'Released','레드 원',90),
    (81,0,'촉망받는 은행 간부 앤디 듀프레인은 아내와 그녀의 정부를 살해했다는 누명을 쓴다. 주변의 증언과 살해 현장의 그럴듯한 증거들로 그는 종신형을 선고받고 악질범들만 수용한다는 지옥같은 교도소 쇼생크로 향한다. 인간 말종 쓰레기들만 모인 그곳에서 그는 이루 말할 수 없는 억압과 짐승보다 못한 취급을 당한다. 그러던 어느 날, 간수의 세금을 면제받게 해 준 덕분에 그는 일약 교도소의 비공식 회계사로 일하게 된다. 그 와중에 교도소 소장은 죄수들을 이리저리 부리면서 검은 돈을 긁어 모으고 앤디는 이 돈을 세탁하여 불려주면서 그의 돈을 관리하는데...','https://image.tmdb.org/t/p/w342/oAt6OtpwYCdJI76AVtVKW1eorYx.jpg','Castle Rock Entertainment','United States of America',0,'1994-09-23',142,'Released','쇼생크 탈출',91),
    (82,0,'영국의 부유한 사업가 윌리엄과 최근 사랑에 빠진 엄마를 따라 미국에서 영국으로 거처를 옮긴 18세 노아는 윌리엄의 불량한 아들 닉을 만나게 되고 둘은 서로에게 거부할 수 없는 매력을 느낀다. 여름 내내 노아는 새로운 생활에 적응하며 처음으로 사랑에 빠지지만 과거의 괴로운 기억이 노아의 발목을 잡는다.','https://image.tmdb.org/t/p/w342/h7H6Kd9kX1dvN8FZjUy6FcNdXxQ.jpg','42','Spain',0,'2025-02-12',119,'Released','나의 잘못: 런던',92),
    (83,0,'외딴 집을 찾은 신앙심 깊은 두 소녀에게 집주인은 믿음을 뒤흔드는 이야기를 꺼낸다. 무언가 의심스럽다고 느끼는 순간, 두 소녀는 꼼짝없이 집안에 갇히게 된다. 친절했던 남자는 돌변하고, 그녀들은 살기 위해 위험한 선택을 하는데…','https://image.tmdb.org/t/p/w342/z2ALWuQ2WwjzuJJiAfNsF8A7T2b.jpg','A24','United States of America',0,'2024-10-31',111,'Released','헤레틱',93),
    (84,0,'','https://image.tmdb.org/t/p/w342/bgJjPtpuUAfV1of4EyNk8GoNpf8.jpg','Tobis Film','Austria',0,'2023-11-09',116,'Released','Ein ganzes Leben',94),
    (85,0,'북해의 차가운 심해 100미터 아래, 포화 잠수부 크리스 레몬스는 동료들과 함께 해저 가스 라인 수리에 나선다. 그러나 예기치 못한 선박의 위치 제어 시스템 오류로 인해 레몬스는 산소 공급이 끊긴 채 고립되고 만다. 극한의 상황 속에서 생존을 위한 그의 처절한 사투가 시작되는데...​','https://image.tmdb.org/t/p/w342/w04Xg5Bnqj7ECdCxTsHgqK6AtJW.jpg','Dark Castle Entertainment','United Kingdom',0,'2025-02-27',93,'Released','라스트 브레스',95),
    (86,0,'','https://image.tmdb.org/t/p/w342/cjJuN9MUmYrSh3fzT7JHrN5fHOP.jpg','Dania Film','Italy',0,'1979-02-07',96,'Released','L''infermiera di notte',96),
    (87,0,'전 세계적인 히트작 ''나의 잘못''의 속편. 노아와 닉의 사랑은 둘을 떼어놓으려는 부모님의 노력에도 불구하고 흔들림이 없어 보인다. 하지만 닉의 직업과 노아의 대학 진학은 두 사람의 관계와 레이스테르 가족의 근간을 흔들 새로운 관계로 그들의 삶을 안내한다. 많은 사람이 두 사람 사이를 파괴하려는 가운데 이 둘은 결국 행복을 맞이할 수 있을까?','https://image.tmdb.org/t/p/w342/zuctS3p8Bs9IeYv5ScKeOKp5Na5.jpg','Pokeepsie Films','Spain',0,'2024-12-26',118,'Released','네 잘못이야',72),
    (88,0,'전 세계에서 정체 불명의 싱크홀이 발생하며, 그 속에서 나타난 괴물 \"리퍼(Reaper)\"가 인류의 95%를 말살한다. 리퍼는 해발 8,000피트 이상의 고지대로는 올라가지 못하는 약점을 가지고 있다. 이에 살아남은 생존자들은 고지대에 피난처를 마련하고 생존을 이어간다. 주인공 윌은 폐질환을 앓고 있는 아들 헌터를 살리기 위해, 과학자 니나와 친구 케이티와 함께 위험을 무릎쓰고 산 아래로 내려와 필요한 장비를 구하려 한다. 이 과정에서 리퍼와 맞서 싸우며 생존을 위한 여정을 이어가는데...','https://image.tmdb.org/t/p/w342/tnfc0NJ3BzhJrGJhkkEd6MHBdq5.jpg','Lyrical Media','United States of America',0,'2024-11-07',91,'Released','엘리베이션',97),
    (89,0,'동명의 인기 인디게임 마인크래프트를 소재로 만든 다큐멘터리 영화로 토렌트를 통해 무료로 배포해 화제가 되었다.','https://image.tmdb.org/t/p/w342/2V3Tbq7xdRRw0G92Tx62IYDLz1g.jpg','2 Player Productions','Sweden',0,'2012-12-23',104,'Released','마인크래프트: 더 스토리 오브 모장',98),
    (90,0,'자신의 진정한 힘을 미처 발견하지 못한 ''엘파바'', 자신의 진정한 본성을 아직 발견하지 못한 ‘글린다''. 전혀 다른 두 사람은 마법 같은 우정을 쌓아간다. 그러던 어느 날, ''마법사''의 초대를 받아 에메랄드 시티로 가게 되고 운명은 예상치 못한 위기와 모험으로 두 사람을 이끄는데...','https://image.tmdb.org/t/p/w342/mHozMgx7w29qC9gLzUQDQEP7AEM.jpg','Universal Pictures','United States of America',0,'2024-11-20',162,'Released','위키드',99),
    (91,0,'','https://image.tmdb.org/t/p/w342/hZ8dTeBzigV5SVgwG1ikSROAFiS.jpg','Extension 765','United States of America',0,'2025-01-16',84,'Released','프레젠스',31),
    (92,0,'휴전선 인근 북한 최전방 군부대. 10년 만기 제대를 앞둔 중사 규남은 미래를 선택할 수 없는 북을 벗어나 원하는 것을 해 볼 수 있는 철책 너머로의 탈주를 준비한다. 그러나, 규남의 계획을 알아챈 하급 병사 동혁이 먼저 탈주를 시도하고, 말리려던 규남까지 졸지에 탈주병으로 체포된다. 탈주병 조사를 위해 부대로 온 보위부 소좌 현상은 어린 시절 알고 지내던 규남을 탈주병을 체포한 노력 영웅으로 둔갑시키고 사단장 직속보좌 자리까지 마련해주며 실적을 올리려 한다. 하지만 규남이 본격적인 탈출을 감행하자 현상은 물러설 길 없는 추격을 시작한다.','https://image.tmdb.org/t/p/w342/m2pFuNkL9V4lZxtVbBzB9yrYHai.jpg','The LAMP','South Korea',0,'2024-07-03',94,'Released','탈주',100),
    (93,0,'재결합하여 그 어느 때보다도 열렬한 관계를 이어가는 라우라와 마시모. 하지만 마시모의 가족 관계, 그리고 라우라의 마음을 얻으려는 수수께끼의 남자로 인해 삶이 복잡해진다.','https://image.tmdb.org/t/p/w342/ee7qhbFyw4adAHgDTAELuiskkht.jpg','Ekipa','Poland',0,'2022-04-26',111,'Released','365일: 오늘',101),
    (94,0,'','https://image.tmdb.org/t/p/w342/npzFyBu4fFPQpWXaLKdrXc6JrUK.jpg','Norberfilms','Spain',0,'2025-03-26',95,'Released','Giro final',102),
    (95,0,'평범한 가정을 꾸리기 위해 CIA를 떠났던 두 엘리트 첩보 요원 맷과 에밀리. 그런데 15년 만에 신분이 들통나면서 다시 스파이의 세계로 뛰어들게 된다.','https://image.tmdb.org/t/p/w342/7FlD5tJbYVtyJkRnhvGYqsMQVou.jpg','Chernin Entertainment','United States of America',0,'2025-01-15',114,'Released','백 인 액션',103),
    (96,0,'영국 국민으로 거듭난 ‘패딩턴’에게 어느 날 고향인 페루에서 날아온 의문의 편지 한 통. “루시 숙모님이 사라졌어요!” 지도 한 장만 남긴 채 감쪽같이 사라져 버린 ‘루시’ 숙모를 찾아 떠난 ‘패딩턴’과 브라운 가족은 페루의 정글을 둘러싼 비밀을 찾아 모험을 떠나게 되는데…','https://image.tmdb.org/t/p/w342/1rfxGlRaFe8bqKOtebXl2CFel8F.jpg','Marmalade Pictures','United Kingdom',0,'2024-11-08',106,'Released','패딩턴: 페루에 가다!',104),
    (97,0,'','https://image.tmdb.org/t/p/w342/mClzWv7gBqgXfjZXp49Enyoex1v.jpg','Hewes Pictures','',0,'2023-08-03',0,'Released','Cosmic Chaos',NULL),
    (98,0,'','https://image.tmdb.org/t/p/w342/ry9AWnoAABgxAEzc3BwLHgf1H1b.jpg','Vivamax','Philippines',0,'2025-04-04',0,'Released','Puri for Rent',NULL),
    (99,0,'','https://image.tmdb.org/t/p/w342/xghWMg0pkBOdLHCTESyeyHU68wl.jpg','Nikkatsu Corporation','Japan',0,'1973-11-20',78,'Released','性教育ママ',105);

INSERT INTO series (id, average_rating, episode_number, overview, poster_path, production_company, production_country, rating_count, release_end_date, release_start_date, status, title, director_id) VALUES
    (1,0,1925,'','https://image.tmdb.org/t/p/w342/zMWldNZF0wS3L5XkDVFHxYhclcL.jpg','Telfrance','France',0,'2025-04-01','2017-07-17','Returning Series','Demain nous appartient',1),
    (2,0,6224,'','https://image.tmdb.org/t/p/w342/bF24r2FxsjzgkJcrbBU8RC9JVoU.jpg','Cintra Produções','Brazil',0,'2020-04-03','1995-04-24','Canceled','Malhação',2),
    (3,0,1319,'도라에몽과 진구 친구의 이야기','https://image.tmdb.org/t/p/w342/vhythNI2xgNwXLmDvZzw6f48uPg.jpg','Pierrot','Japan',0,'2025-02-22','2005-04-22','Returning Series','신 도라에몽',3),
    (4,0,2290,'','https://image.tmdb.org/t/p/w342/uyzx0JkWOOF3Mfcq4uiuIr2Ykju.jpg','Plural Entertainment','Portugal',0,'2012-05-25','2003-08-30','Ended','Morangos com Açúcar',4),
    (5,0,697,'','https://image.tmdb.org/t/p/w342/pbpoLLp4kvnYVfnEGiEhagpJuVZ.jpg','Bill Maher Productions','United States of America',0,'2025-03-28','2003-02-21','Returning Series','리얼 타임 위드 빌 마허',5),
    (6,0,8,'몰리 코찬은 전이성 유방암 4기 진단을 받고 남편과 헤어진 후에 생전 처음으로 복잡한 성욕을 탐구하기 시작한다. 몰리의 곁에는 늘 절친인 니키가 있다.','https://image.tmdb.org/t/p/w342/ibfxRoq3BQAFXTxMSz7yXY5qY99.jpg','20th Television','United States of America',0,'2025-04-04','2025-04-04','Ended','죽도록 하고 싶어',6),
    (7,0,1753,'닌자학교에 다니는 란타로와 친구들의 이야기를 다룬 애니메이션','https://image.tmdb.org/t/p/w342/7SlGknNukx52jHh8FweXpQyA7EO.jpg','','',0,'2008-01-01','1993-04-10','Returning Series','닌자보이 란타로',7),
    (8,0,697,'','https://image.tmdb.org/t/p/w342/9PUkpvq0wJnJ2M00dtgxKn6LptB.jpg','TV Asahi','Japan',0,'1983-12-22','1981-09-28','Ended','忍者ハットリくん',8),
    (9,0,679,'','https://image.tmdb.org/t/p/w342/z9Zqiyk7KJnXXk46LSU0H0Vr26y.jpg','Telefe','Argentina',0,'2000-11-24','1998-01-26','Ended','Verano del ''98',9),
    (10,0,489,'마스크를 쓰고 정체를 공개하지 않은채 무대에서 노래 실력을 뽐내는 음악 버라이어티 프로그램. 가수에게 계급장은 곧 인기다. 내가 좋아하는 가수의 노래는 더 좋게 들린다. 곡이 유명가수를 만나야 인기를 얻게 되는 이유도 바로 여기에 있다. 하지만 만약 인기라는 계급장을 떼고 진정한 노래 실력으로만 최고의 가수를 뽑는다면 누가 될까? 본 프로그램은 이러한 궁금증에서 시작되었다. 인기라는 편견을 버리고 진정성 있는 노래로 자신을 어필할 수 있는, 가수가 진정한 가수로 자리할 수 있는 무대. 바로 ''복면가왕''이 희망하는 무대다. 그리고 이러한 ''복면가왕''의 기본 정신은 시청자들에게도 목말라있던 진정성을 불러올 것이다. 우리가 잊고 있던, 우리가 미처 인정하지 못한 보컬리스트들의 대결이 시작된다.','https://image.tmdb.org/t/p/w342/tEqL1b5NOhGUJgV62tyb6Q2gQtI.jpg','MBC','South Korea',0,'2025-03-30','2015-04-05','Returning Series','미스터리 음악쇼 복면가왕',10),
    (11,0,3612,'','https://image.tmdb.org/t/p/w342/oA8QVTGlAN511uCAMDN60aVQUs1.jpg','NBC Productions','United States of America',0,'1992-05-22','1962-10-01','Ended','The Tonight Show Starring Johnny Carson',NULL),
    (12,0,1548,'','https://image.tmdb.org/t/p/w342/g4amxJvtpnY79J77xeamnAEUO8r.jpg','Broadway Video','United States of America',0,'2025-04-01','2014-02-17','Returning Series','The Tonight Show Starring Jimmy Fallon',NULL),
    (13,0,8225,'','https://image.tmdb.org/t/p/w342/qujVFLAlBnPU9mZElV4NZgL8iXT.jpg','UFA Serial Drama','Germany',0,'2025-02-28','1992-05-11','Returning Series','Gute Zeiten, schlechte Zeiten',NULL),
    (14,0,1633,'','https://image.tmdb.org/t/p/w342/jm95V8XjfvqmEhw0MN09wbg9Mi3.jpg','Universal Television','United States of America',0,'2025-03-06','2014-02-25','Returning Series','Late Night with Seth Meyers',NULL),
    (15,0,3196,'','https://image.tmdb.org/t/p/w342/paRFRd11WlFOxVbGnzjjCBym7FW.jpg','BBC Sport','United Kingdom',0,'2025-03-15','1964-08-22','Returning Series','Match of the Day',NULL),
    (16,0,1644,'','https://image.tmdb.org/t/p/w342/9jkThAGYj2yp8jsS6Nriy5mzKFT.jpg','Spartina Productions','United States of America',0,'2025-04-01','2015-09-08','Returning Series','The Late Show with Stephen Colbert',NULL),
    (17,0,12,'','https://image.tmdb.org/t/p/w342/aFidY5oV5z5Fm8gPh37IYyBjbhG.jpg','LIDENFILMS','Japan',0,'2025-04-09','2025-04-02','Returning Series','입어주세요, 타카미네 양',NULL),
    (18,0,2057,'','https://image.tmdb.org/t/p/w342/gGC7zSDgG0FY0MbM1pjfhTCWQBI.jpg','','United States of America',0,'2014-12-19','2005-01-03','Ended','The Late Late Show with Craig Ferguson',NULL),
    (19,0,2832,'','https://image.tmdb.org/t/p/w342/onSD9UXfJwrMXWhq7UY7hGF2S1h.jpg','Embassy Row','United States of America',0,'2025-03-31','2009-07-16','Returning Series','Watch What Happens Live with Andy Cohen',NULL),
    (20,0,4079,'','https://image.tmdb.org/t/p/w342/ixcfyK7it6FjRM36Te4OdblAq4X.jpg','MTV','United States of America',0,'2025-04-03','1996-07-22','Returning Series','The Daily Show',NULL),
    (21,0,4411,'','https://image.tmdb.org/t/p/w342/jfFNydakwvbeACEwSd2Gh8UWtba.jpg','Bavaria Fiction','Germany',0,'2025-03-26','2005-09-26','Returning Series','Sturm der Liebe',NULL),
    (22,0,4667,'','https://image.tmdb.org/t/p/w342/jmU8HlTDn87xmRqXagcL2swDr8I.jpg','Rendez-Vous Production','France',0,'2022-11-18','2004-08-30','Ended','Plus belle la vie',NULL),
    (23,0,1906,'','https://image.tmdb.org/t/p/w342/xQ83cJA8AxoQMZe8ADApWrRZB1v.jpg','TV3','Spain',0,'2009-12-23','2000-09-11','Ended','El Cor de la Ciutat',NULL),
    (24,0,3070,'','https://image.tmdb.org/t/p/w342/jMpBQr2aNOFAI6wsC47zsOG6qOh.jpg','Rhett & Link','United States of America',0,'2025-03-29','2012-01-09','Returning Series','Good Mythical Morning',NULL),
    (25,0,4252,'','https://image.tmdb.org/t/p/w342/fTBC5EpsgKmli9VQcJMtqQ08Qj4.jpg','Worldwide Pants','United States of America',0,'2015-05-20','1993-08-30','Ended','Late Show with David Letterman',NULL),
    (26,0,3241,'','https://image.tmdb.org/t/p/w342/lisjDmT2xTykSZxCNvd7E3gQ9AI.jpg','NBC News','United States of America',0,'2025-03-09','1947-11-06','Returning Series','Meet the Press',NULL),
    (27,0,572,'추악한 성범죄를 수사하는 뉴욕 경찰 성범죄전담수사반의 활약을 그린 드라마.','https://image.tmdb.org/t/p/w342/abWOCrIo7bbAORxcQyOFNJdnnmR.jpg','Wolf Entertainment','United States of America',0,'2025-03-20','1999-09-20','Returning Series','로 앤 오더: 성범죄전담반',NULL),
    (28,0,3318,'','https://image.tmdb.org/t/p/w342/25v6iDGmIpyG3zndfYdt4KfQgQ9.jpg','Mediaset','Italy',0,'2016-08-08','2001-01-08','Canceled','CentoVetrine',NULL),
    (29,0,1603,'','https://image.tmdb.org/t/p/w342/9u7oDri9TvJXffoe6cyD2EDkQi2.jpg','Vidéo Communication France (VCF)','France',0,'2016-02-12','1988-08-29','Ended','Les Guignols de l''info',NULL),
    (30,0,1200,'','https://image.tmdb.org/t/p/w342/qPmVoG8G9tc1nN8ZwGV2zYcknit.jpg','CBS Studios','United States of America',0,'2023-04-27','2015-03-23','Ended','The Late Late Show with James Corden',NULL),
    (31,0,447,'시애틀에 있는 병원 의사들의 삶에 대한 이야기. 의사로서의 감정과 개인적인 감정에 대한 묘사가 적절히 조화를 이루어 그려진다. 인턴이지만 결국 레지던트가 되는 메러디스 그레이는 시애틀 병원의 동료 의사들과 함께 사적, 직업적인 열정에 휩쓸리는 자신을 발견한다.','https://image.tmdb.org/t/p/w342/lCUvpSvjAPU82HvJ8XfR74Chv5r.jpg','The Mark Gordon Company','United States of America',0,'2025-04-03','2005-03-27','Returning Series','그레이 아나토미',NULL),
    (32,0,1369,'','https://image.tmdb.org/t/p/w342/lQcE1AzjDP5zJRUW76PMRn7ai9W.jpg','','Germany',0,'2010-09-16','1995-12-05','Ended','Die Harald Schmidt Show',NULL),
    (33,0,2013,'','https://image.tmdb.org/t/p/w342/uX5ldo2snjJuZ8P9AxOharboxJn.jpg','Dreamscape Entertainment Television','Philippines',0,'2022-08-12','2015-09-28','Ended','Ang Probinsyano',NULL),
    (34,0,2206,'','https://image.tmdb.org/t/p/w342/jjfTTjVYWyD6rGHVbnC44IrsJ7P.jpg','BBC','United Kingdom',0,'2006-12-25','1964-01-01','Ended','Top of the Pops',NULL),
    (35,0,2055,'','https://image.tmdb.org/t/p/w342/tr4cLn4ecRASV0SPM9FRv0AJOQF.jpg','Mhoch2','Germany',0,'2025-03-27','2008-06-03','Returning Series','Markus Lanz',NULL),
    (36,0,2137,'','https://image.tmdb.org/t/p/w342/2bH7QQ7WQfnbt1CWiX8BE5E2V4t.jpg','NL Film en TV','Netherlands',0,'2022-04-28','2007-09-03','Returning Series','SpangaS',NULL),
    (37,0,695,'',NULL,'','Germany',0,'2009-09-30','1998-01-22','Canceled','Die Johannes B. Kerner Show',NULL),
    (38,0,10456,'','https://image.tmdb.org/t/p/w342/mT6VFzwGPddwGjWGxzNOy4JVL8.jpg','UFA Magyarország Kft.','Hungary',0,'2021-07-17','1998-10-26','Ended','Barátok közt',NULL),
    (39,0,1983,'','https://image.tmdb.org/t/p/w342/k4YOaHO6yv1MjtUPRmXbT8ASWHV.jpg','CBS News Productions','United States of America',0,'2025-03-23','1979-01-28','Returning Series','CBS News Sunday Morning',NULL),
    (40,0,1534,'','https://image.tmdb.org/t/p/w342/fi7KWbkJq3MirP32nsYOPQIc3oJ.jpg','CNN','United Kingdom',0,'2025-01-01','2003-09-08','Returning Series','Anderson Cooper 360°',NULL),
    (41,0,8,'살해된 수배자 사냥꾼 허브 할로랜은 지옥의 감옥에서 탈출한 악령들을 사냥하기 위해 악마에 의해 부활한다. 소원해진 가족의 도움과 방해를 받으며 악령들을 추적하던 허브는 자신이 저지른 죄로 인해 영혼이 저주받은 것을 깨닫곤, 삶과 사랑, 컨트리 음악에서 두 번째 기회를 얻기 위해 분투한다.','https://image.tmdb.org/t/p/w342/4A4b3RBuZeJBQctLpLTl69LxHly.jpg','CrimeThink','United States of America',0,'2025-04-03','2025-04-03','Ended','악마와의 계약',NULL),
    (42,0,961,'',NULL,'','',0,'2005-06-03','2001-09-17','Ended','Good Day Live',NULL),
    (43,0,1447,'','https://image.tmdb.org/t/p/w342/pn2CVXjOlR8kY5MgOTJjZ71IM0Q.jpg','Busboy Productions','',0,'2014-12-18','2005-10-17','Ended','The Colbert Report',NULL),
    (44,0,773,'','https://image.tmdb.org/t/p/w342/xkM3A5PkWadI5MceIL9PnDvRkT9.jpg','Grundy Producciones','Spain',0,'2012-02-14','2006-07-10','Ended','Yo soy Bea',NULL),
    (45,0,3656,'','https://image.tmdb.org/t/p/w342/zExwkyO7exxrMVrpOkDvK0BTelW.jpg','Grundy UFA TV Produktions','Germany',0,'2021-12-13','2006-09-04','Returning Series','Alles was zählt',NULL),
    (46,0,886,'','https://image.tmdb.org/t/p/w342/3aTQY3hxqds0bEjz12G6vWE8fsQ.jpg','Televisa','Mexico',0,'2023-04-30','2011-02-01','Returning Series','Como dice el dicho',NULL),
    (47,0,727,'','https://image.tmdb.org/t/p/w342/yMGxV37D6Jt3Len7q8QocLJJ5E3.jpg','Mark Goodson-Bill Todman Productions','United States of America',0,'1967-04-03','1952-06-19','Canceled','I''ve Got a Secret',NULL),
    (48,0,7020,'','https://image.tmdb.org/t/p/w342/p1oXgtJ0q0wAcEp3tHA5DpiynxL.jpg','Endemol','Netherlands',0,'2025-01-09','1990-10-01','Returning Series','Goede Tijden, Slechte Tijden',NULL),
    (49,0,25,'다른 차원과 이쪽 세계를 이어주는 통로인 ''게이트''가 갑자기 발생한 뒤 10년 세계에는 ''헌터''라고 불리는 초인적인 힘에 각성한 사람들이 출현했다. 헌터는 게이트 안의 던전을 공략하고 대가를 받는 것을 생업으로 하고 있는데 그런 강자들만 가득한 헌터들 중 ''성진우''는 인류 최약병기라고 불리는 저랭크 헌터로서 생활하고 있었다. 어느 날, 저랭크 던전에 숨겨진 고랭크 이중 던전을 발견했지만 빈사의 중상을 입은 성진우의 눈앞에 의문의 퀘스트창이 나타났는데. 죽음의 순간, 퀘스트를 수락하기로 결심한 성진우는 자신만 ''레벨업''할 수 있게 되었는데.','https://image.tmdb.org/t/p/w342/5gR5oCQufzZ6tPcFoHb61ckiwiP.jpg','A-1 Pictures','Japan',0,'2025-03-30','2024-01-07','Returning Series','나 혼자만 레벨업',NULL),
    (50,0,673,'','https://image.tmdb.org/t/p/w342/1ulyar2gfSnPaEDIyaT4f9zrhHr.jpg','Knuckle Sandwich Productions','United States of America',0,'2025-03-28','2007-04-23','Returning Series','Diners, Drive-Ins and Dives',NULL),
    (51,0,1613,'','https://image.tmdb.org/t/p/w342/v4r70Z5id8eHFCxrfBOtRgu6wLr.jpg','France Télévisions','France',0,'2025-03-21','2018-08-27','Returning Series','Un si grand soleil',NULL),
    (52,0,2629,'','https://image.tmdb.org/t/p/w342/hxJdczj4roJ9OtqSJcuAkD2TK6y.jpg','Endemol Entertainment','South Africa',0,'2008-08-01','1998-07-07','Canceled','Isidingo',NULL),
    (53,0,123,'이혼 후 은행 강도를 당한 일을 계기로 LAPD에 지원한 40세의 최고령 신입을 중심으로 펼쳐지는 이야기','https://image.tmdb.org/t/p/w342/uyuCMmAxNL3z3fyW4xzefT886Yu.jpg','ABC Studios','Canada',0,'2025-04-01','2018-10-16','Returning Series','더 루키',NULL),
    (54,0,1510,'','https://image.tmdb.org/t/p/w342/oQxrvUhP3ycwnlxIrIMQ9Z3kleq.jpg','TBS Productions','United States of America',0,'2021-06-24','2010-11-08','Ended','Conan',NULL),
    (55,0,4689,'','https://image.tmdb.org/t/p/w342/5X0SWyNJ5IjN9YSXlbHBOVMzh1G.jpg','Franz Marx Productions','South Africa',0,'2010-03-26','1992-04-06','Ended','Egoli: Place of Gold',NULL),
    (56,0,9088,'','https://image.tmdb.org/t/p/w342/11rWvQOEZBouD7wet0sWHwu7NDs.jpg','Sony Pictures Television','United States of America',0,'2025-04-08','1984-09-10','Returning Series','Jeopardy!',NULL),
    (57,0,992,'','https://image.tmdb.org/t/p/w342/uApImWv5VMhXKvv543EvJlAN29O.jpg','TVE','Spain',0,'2022-04-06','2015-04-15','Returning Series','Acacias 38',NULL),
    (58,0,6514,'','https://image.tmdb.org/t/p/w342/hBkyypWN3EcOzkozatiCm5VeaG.jpg','WABC-TV','United States of America',0,'2025-04-08','1988-09-05','Returning Series','LIVE with Kelly and Mark',NULL),
    (59,0,8444,'','https://image.tmdb.org/t/p/w342/vn0eKMiG69bhQtxb7qLRo8SSqu5.jpg','Seven Studios','Australia',0,'2025-03-24','1988-01-18','Returning Series','Home and Away',NULL),
    (60,0,783,'','https://image.tmdb.org/t/p/w342/9Gg1oM8Us8gCS5aJA8e0ZRuIHnf.jpg','NBCUniversal','United States of America',0,'2025-04-04','2019-09-09','Returning Series','The Kelly Clarkson Show',NULL),
    (61,0,1617,'','https://image.tmdb.org/t/p/w342/sJ6HdzajIVkC5G2kRROhNu8at43.jpg','NPR Music','United States of America',0,'2025-01-13','2008-04-22','Returning Series','NPR 타이니 데스크 콘서트',NULL),
    (62,0,645,'','https://image.tmdb.org/t/p/w342/gw00a3X2xZ8avePAMyD4olZtN9u.jpg','Grundy UFA TV Produktions','Germany',0,'2007-10-05','2005-02-28','Ended','Verliebt in Berlin',NULL),
    (63,0,4723,'','https://image.tmdb.org/t/p/w342/ugYAGyxwajuplDUUYT8Bzbj8eNR.jpg','FremantleMedia Finland','Finland',0,'2025-02-21','1999-01-25','Returning Series','Salatut elämät',NULL),
    (64,0,8,'지옥의 문이 열릴 위기에 처했다. 정체불명의 악당이 세상을 위협하는 가운데, 악마보다 위험한 매력을 지닌 악마 사냥꾼이 이 세상을 구할 마지막 희망일지도 모른다.','https://image.tmdb.org/t/p/w342/up66GiHbD4U7n1soOoIv2ZC1D6x.jpg','Capcom','Japan',0,'2025-04-03','2025-04-03','Returning Series','Devil May Cry 데빌 메이 크라이',NULL),
    (65,0,73,'2011년 4월 HBO에서 방영을 시작한 판타지물. 조지 R.R. 마틴의 얼음과 불의 노래를 원작으로 한다. 웨스테로스 대륙의 7개의 국가와 하위 몇 개의 국가들로 구성된 연맹 국가인 칠 왕국의 통치권, 철 왕좌를 차지하기 위한 싸움을 그려낸 드라마이다. 왕좌를 차지하기 위한 귀족 가문의 다툼 외에도 북부에 존재하는 미지의 위협인 백귀, 그리고 15년 전에 내전으로 인해 살해된 왕의 딸인 대너리스 타르가르옌이 자신이 추방당한 웨스테로스를 향해 왕권 회복을 도전하는 이야기가 함께 들어있다.','https://image.tmdb.org/t/p/w342/zmK5G0JdkL637VbaVPYFeEQ52qi.jpg','Revolution Sun Studios','United Kingdom',0,'2019-05-19','2011-04-17','Ended','왕좌의 게임',NULL),
    (66,0,1440,'','https://image.tmdb.org/t/p/w342/wc4IkCXCZyboTRY0ye8lwbqRF2f.jpg','Cygnus Media','Brazil',0,'2024-12-19','2009-05-31','Returning Series','Fazenda',NULL),
    (67,0,915,'','https://image.tmdb.org/t/p/w342/pF9rFdF6Gd4dNJ0Rh4mFsaFTi3m.jpg','','',0,'1986-01-02','1962-10-01','Canceled','The Merv Griffin Show',NULL),
    (68,0,4012,'','https://image.tmdb.org/t/p/w342/5x1HXqYqPyYw7oc7Isu1lvVmwRP.jpg','ITV Studios','Malaysia',0,'2025-03-31','1960-12-09','Returning Series','코로네이션 스트리트',NULL),
    (69,0,2724,'','https://image.tmdb.org/t/p/w342/gJZ1rhLLFpatuAeylJoUI82DKC7.jpg','Universal Media Studios','United States of America',0,'2009-02-20','1993-09-13','Ended','Late Night with Conan O''Brien',NULL),
    (70,0,1063,'','https://image.tmdb.org/t/p/w342/7QpzCej3Lwrsnx5A8FePYsUCIzf.jpg','BBC Studios','United Kingdom',0,'2024-05-24','2006-08-14','Returning Series','The One Show',NULL),
    (71,0,1116,'','https://image.tmdb.org/t/p/w342/4FQwl5qYNbwAYJb0EuAtkvKXgkn.jpg','','',0,'2020-04-20','2005-08-08','Returning Series','The Situation Room with Wolf Blitzer',NULL),
    (72,0,184,'낙뢰 사고의 후유증으로 초인적인 스피드를 가지게 된 CSI 수사관 배리 앨런이 범죄에 맞서 싸우는 영웅 플래시로 활약하는 이야기를 그리는 드라마','https://image.tmdb.org/t/p/w342/yZevl2vHQgmosfwUdVNzviIfaWS.jpg','Warner Bros. Television','United States of America',0,'2023-05-24','2014-10-07','Ended','플래시',NULL),
    (73,0,1320,'','https://image.tmdb.org/t/p/w342/f9ktwiBfkN34AU7C8NW8XC58tBd.jpg','','United Kingdom',0,'2016-11-19','2005-10-31','Returning Series','Deal or No Deal',NULL),
    (74,0,487,'NCIS는 미국의 수사드라마 시리즈로 미해군과 해병대 관련 범죄수사를 담당하는 가상의 해군범죄수사대에 관한 드라마.','https://image.tmdb.org/t/p/w342/mBcu8d6x6zB1el3MPNl7cZQEQ31.jpg','Paramount Television','United States of America',0,'2025-03-31','2003-09-23','Returning Series','NCIS',NULL),
    (75,0,468,'','https://image.tmdb.org/t/p/w342/uDkndfnwbEGeSY4YmZbTRg4U5RQ.jpg','Daphne Productions','United States of America',0,'1995-04-22','1968-06-06','Ended','The Dick Cavett Show',NULL),
    (76,0,1377,'','https://image.tmdb.org/t/p/w342/kSraSPTeNoiR60ti9amNqLvM3Em.jpg','Worldwide Pants','',0,'1993-06-25','1982-02-01','Ended','Late Night with David Letterman',NULL),
    (77,0,327,'어린 시절, 샘과 딘은 정체를 알 수 없는 악마의 힘의 의해 어머니를 잃는다. 그로 인해, 그들의 아버지는 자식들을 헌터로 키우며, 미국 각지에 흩어져 있는 초자연적인 악과 괴물들을 처치하는 법을 가르친다.\n\n이제 두 윈체스터 형제들은 67년형 쉐비 임팔라에 몸을 싣고 미전역을 가로지르며 그들과 마주치는 모든 초자연적인 위협들을 처리해나가기 시작하는데...','https://image.tmdb.org/t/p/w342/dpkz4yiXoaYvYP2WoRP09UmrAh6.jpg','Kripke Enterprises','United States of America',0,'2020-11-19','2005-09-13','Ended','수퍼내추럴',NULL),
    (78,0,1139,'','https://image.tmdb.org/t/p/w342/f8ZHSXNs5jyjMz3qg7mB2fqnTjP.jpg','Saxonia Media','Germany',0,'2025-02-18','1998-10-26','Returning Series','In aller Freundschaft',NULL),
    (79,0,783,'1989년 12월 FOX에서 방영을 시작한 애니메이션. 미국의 스프링필드를 배경으로 먹는 걸 유난히 밝히고 게으르며 독특한 성격의 가장 호머, 항상 사고만 치고 다니는 남편과 아이들의 뒤치다꺼리를 도맡아 하는 엄마 마지, 하루라도 장난을 치지 않고 넘어가는 날이 없는 장난꾸러기 아들 바트, 나이에 비해 꽤나 어른스럽고 똑똑한 리사, 그리고 말은 한마디도 못하지만 의외의 대활약을 보여주는 막내 메기 등 각각의 개성 만점 가족 구성원들이 펼치는 극적인 하루하루를 그리고 있다.','https://image.tmdb.org/t/p/w342/7HKQieF8YqXgTwBVjWFGWaEKNS7.jpg','Gracie Films','United States of America',0,'2025-04-06','1989-12-17','Returning Series','심슨 가족',NULL),
    (80,0,692,'','https://image.tmdb.org/t/p/w342/9OSK44nb6ZZkMxkX6SLeQszVFke.jpg','The Grundy Organization','Australia',0,'1986-12-11','1979-02-27','Ended','Prisoner: Cell Block H',NULL),
    (81,0,21247,'','https://image.tmdb.org/t/p/w342/7dFZJ2ZJJdcmkp05B9NWlqTJ5tq.jpg','NDR','Germany',0,'2025-03-21','1952-12-26','Returning Series','타게스샤우',NULL),
    (82,0,833,'','https://image.tmdb.org/t/p/w342/i01uYYJoovqILhexlYA6E1CHh56.jpg','HYBE','South Korea',0,'2024-07-09','2013-06-19','Returning Series','BANGTAN BOMB',NULL),
    (83,0,1108,'','https://image.tmdb.org/t/p/w342/zeqpdXFVIV2FXaug7tib1N2dNlc.jpg','MDR','Germany',0,'2024-12-27','2003-04-01','Returning Series','Elefant, Tiger & Co.',NULL),
    (84,0,766,'','https://image.tmdb.org/t/p/w342/i3xlA3ruLL7VdGJLCX1ZBwHwipF.jpg','Plano a plano','Spain',0,'2021-05-28','2017-04-25','Returning Series','Servir y proteger',NULL),
    (85,0,2497,'',NULL,'','Germany',0,'1982-03-31','1964-04-01','Canceled','Die Drehscheibe',NULL),
    (86,0,2389,'','https://image.tmdb.org/t/p/w342/4zYDW6wunTm5gm8vo4dfhpvkT0w.jpg','','United States of America',0,'2011-09-21','1970-01-05','Ended','All My Children',NULL),
    (87,0,401,'','https://image.tmdb.org/t/p/w342/2IxWmRipe3P66iBXnLc79JLcTC0.jpg','Extreme Championship Wrestling (ECW)','United States of America',0,'2000-12-30','1993-04-06','Ended','ECW Hardcore TV',NULL),
    (88,0,262,'자유로운 영혼이었던 찰리가 떠나간 이후, 앨런과 그의 아들 제이크에게 찾아온 앨런의 친구 월든이 다시금 새로운 가족으로 생활하게 되면서 벌어지는 코믹한 일상을 담은 시트콤','https://image.tmdb.org/t/p/w342/A9QDK4OWpv41W27kCv0LXe30k9S.jpg','Warner Bros. Television','United States of America',0,'2015-02-19','2003-09-22','Ended','두 남자와 1/2',NULL),
    (89,0,649,'','https://image.tmdb.org/t/p/w342/yVZdqmVMI09F7GzFvDJCc36oBkT.jpg','World Wrestling Entertainment (WWE)','United States of America',0,'2025-03-01','2012-10-03','Returning Series','WWE Main Event',NULL),
    (90,0,688,'','https://image.tmdb.org/t/p/w342/zDmZBMOUtpdjkwI1TDtQt4jmBej.jpg','Nexiko','Sweden',0,'2025-03-20','2019-03-04','Returning Series','Alla mot alla med Filip och Fredrik',NULL),
    (91,0,740,'','https://image.tmdb.org/t/p/w342/gA6WrI3JPCAdff4kgafKQq6wtZg.jpg','Kissman Productions','France',0,'2024-02-10','2015-11-28','Returning Series','La Petite Histoire de France',NULL),
    (92,0,2643,'','https://image.tmdb.org/t/p/w342/xAFMZ3wFIEXTISryRZD94AAvWng.jpg','Universal Television','',0,'2013-11-19','1992-05-25','Ended','The Tonight Show with Jay Leno',NULL),
    (93,0,491,'','https://image.tmdb.org/t/p/w342/rZ05qwSCKrBGkxkq9wDaTyULVC6.jpg','','Spain',0,'2018-07-30','2007-08-01','Ended','Escenas de matrimonio',NULL),
    (94,0,1215,'','https://image.tmdb.org/t/p/w342/ykSfW3rU7Th0VvrgB85nHvQZCAN.jpg','Boundless','United Kingdom',0,'2025-02-25','2002-10-14','Returning Series','Escape to the Country',NULL),
    (95,0,21,'하와이의 화려한 리조트 화이트 로투스에 도착한 부유한 여행객들. 겉으로는 완벽해 보이는 그들의 휴가는, 각자의 비밀과 욕망, 불안이 얽히며 복잡해지기 시작한다. 직원과 손님들 사이에서 벌어지는 미묘한 권력 게임과 인간관계의 갈등이 서서히 드러나는데...','https://image.tmdb.org/t/p/w342/gbSaK9v1CbcYH1ISgbM7XObD2dW.jpg','Rip Cord Productions','United States of America',0,'2025-04-06','2021-07-11','Returning Series','화이트 로투스',NULL),
    (96,0,1063,'','https://image.tmdb.org/t/p/w342/2WhGGrPijenQ7YnpT76apErZgjP.jpg','','',0,'2025-01-29','2018-07-23','Returning Series','아이돌 라디오',NULL),
    (97,0,4546,'',NULL,'','Germany',0,'2022-10-17','1999-08-30','Returning Series','Volle Kanne',NULL),
    (98,0,751,'','https://image.tmdb.org/t/p/w342/b0ScjqTEs9XNpGsFueXdwPbWHtC.jpg','','United Kingdom',0,'2022-05-11','2009-03-09','Returning Series','CBeebies Bedtime Stories',NULL),
    (99,0,801,'','https://image.tmdb.org/t/p/w342/7UdVk8oKB3TbBDGRlB0dSzVyf8F.jpg','Woestijnvis','Belgium',0,'2024-12-19','2003-09-01','Returning Series','De Slimste Mens ter Wereld',NULL),
    (100,0,6637,'','https://image.tmdb.org/t/p/w342/yMg0l6hxCnR94Fcl1F1IEkmG26V.jpg','','Germany',0,'2024-10-31','1991-01-02','Returning Series','DAS!',NULL);

INSERT INTO movie_cast (id, character_name, actor_id, movie_id) VALUES
    (1,'Garrett',274,1),
    (2,'Steve',275,1),
    (3,'Henry',276,1),
    (4,'Natalie',277,1),
    (5,'Dawn',278,1),
    (6,'Dev Ambre',279,2),
    (7,'Diya Sathaye',280,2),
    (8,'ACP Rohan D''Silva',281,2),
    (9,'DCP Farhan Khan',282,2),
    (10,'Jairaj Apte',283,2),
    (11,'Nora',284,3),
    (12,'Elias',285,3),
    (13,'Steve',286,3),
    (14,'Zoé',287,3),
    (15,'Prestance',288,3),
    (16,'Sam Wilson / Captain America',289,4),
    (17,'President Thaddeus Ross',290,4),
    (18,'Joaquin Torres',291,4),
    (19,'Ruth Bat-Seraph',292,4),
    (20,'Samuel Sterns',293,4),
    (21,'Joey Locke',294,5),
    (22,'Marcus',295,5),
    (23,'Noah',296,5),
    (24,'Zee',297,5),
    (25,'Kahn',298,5),
    (26,'Gray Alys',299,6),
    (27,'Boyce',300,6),
    (28,'Ash',301,6),
    (29,'Melange',302,6),
    (30,'Patriarch Johan',303,6),
    (31,'Judith Flores',304,7),
    (32,'Eric Zimmerman',305,7),
    (33,'Mónica',306,7),
    (34,'Miguel',307,7),
    (35,'Frida',308,7),
    (36,'Levon Cade',309,8),
    (37,'Gunny Lefferty',310,8),
    (38,'Joe Garcia',311,8),
    (39,'Wolo Kolisnyk',312,8),
    (40,'Jenny Garcia',313,8),
    (41,'Mickey Barnes',314,9),
    (42,'Nasha',315,9),
    (43,'Timo',316,9),
    (44,'Kenneth Marshall',317,9),
    (45,'Ylfa',318,9),
    (46,'Alan O''Connor',319,10),
    (47,'Jacqueline / ''The Jackal''',320,10),
    (48,'Marc',321,10),
    (49,'Doug',322,10),
    (50,'Rico',323,10),
    (51,'Lucas Reyes',324,11),
    (52,'Katherine Brunt',325,11),
    (53,'Cheyenne',326,11),
    (54,'Aaron Hunter',327,11),
    (55,'Isha',328,11),
    (56,'',329,12),
    (57,'',330,12),
    (58,'Kasper',331,13),
    (59,'Slimani',332,13),
    (60,'Maria',333,13),
    (61,'Hasse',334,13),
    (62,'Joppe',335,13),
    (63,'Moana (voice)',341,14),
    (64,'Maui (voice)',342,14),
    (65,'Moni (voice)',343,14),
    (66,'Loto (voice)',344,14),
    (67,'Kele (voice)',345,14),
    (68,'Peter Pan',346,15),
    (69,'Wendy Darling',347,15),
    (70,'Tinker Bell',348,15),
    (71,'Michael Darling',349,15),
    (72,'James Hook',350,15),
    (73,'Mufasa (voice)',351,16),
    (74,'Taka (voice)',352,16),
    (75,'Sarabi (voice)',353,16),
    (76,'Young Rafiki (voice)',354,16),
    (77,'Zazu (voice)',355,16),
    (78,'Rebeca',356,17),
    (79,'Zamudio',357,17),
    (80,'Hortensia',358,17),
    (81,'Dr. Sánchez',359,17),
    (82,'Eulalia',360,17),
    (83,'Ivo Robotnik / Gerald Robotnik',361,18),
    (84,'Sonic (voice)',362,18),
    (85,'Shadow (voice)',363,18),
    (86,'Knuckles (voice)',364,18),
    (87,'Tails (voice)',365,18),
    (88,'Cinderella',366,19),
    (89,'The Fairy Godmother',367,19),
    (90,'Katherine',368,19),
    (91,'Josephine',369,19),
    (92,'Rachel',370,19),
    (93,'',371,20),
    (94,'',372,20),
    (95,'',373,20),
    (96,'',374,20),
    (97,'',375,20),
    (98,'Kathryn St. Jean',376,21),
    (99,'George Woodhouse',377,21),
    (100,'Freddie Smalls',378,21),
    (101,'Clarissa Dubose',379,21),
    (102,'Col. James Stokes',380,21),
    (103,'Terrence',381,22),
    (104,'Thomas',382,22),
    (105,'Larry',383,22),
    (106,'Maria',384,22),
    (107,'Julian',385,22),
    (108,'Batman (voice)',386,23),
    (109,'Robin (voice)',387,23),
    (110,'Red Robin (voice)',388,23),
    (111,'Nightwing (voice)',389,23),
    (112,'Red Hood (voice)',390,23),
    (113,'Adrienne',391,24),
    (114,'Angus',392,24),
    (115,'Margot',393,24),
    (116,'Joey',394,24),
    (117,'Katie',395,24),
    (118,'Daryl',396,25),
    (119,'Madolyn',397,25),
    (120,'Winston',398,25),
    (121,'Van Sant (voice)',399,25),
    (122,'Hassan (voice)',400,25),
    (123,'',401,26),
    (124,'',402,26),
    (125,'',403,26),
    (126,'',404,26),
    (127,'Snow White',405,27),
    (128,'Evil Queen',406,27),
    (129,'Jonathan',407,27),
    (130,'Doc (voice)',408,27),
    (131,'Sneezy (voice)',409,27),
    (132,'Alex Rose',410,28),
    (133,'Brad Ackerman',411,28),
    (134,'Garrett',412,28),
    (135,'Elizabeth',413,28),
    (136,'Samuel',414,28),
    (137,'Capitán Guerrero',415,29),
    (138,'Josefo \"El Aguijón\" Urías',416,29),
    (139,'Tanque',417,29),
    (140,'Pollo',418,29),
    (141,'Toro',419,29),
    (142,'Lin',420,30),
    (143,'Kath',421,30),
    (144,'Friend / Prim',422,30),
    (145,'Kath''s Mother',423,30),
    (146,'Kath''s Father',424,30),
    (147,'Levi',425,31),
    (148,'Drasa',426,31),
    (149,'Bartholomew',427,31),
    (150,'J.D.',428,31),
    (151,'Erikas',429,31),
    (152,'Shuhei Sakata',430,32),
    (153,'Kanta Fase',431,32),
    (154,'Homare Takemoto',432,32),
    (155,'Ryo',433,32),
    (156,'Akira Fujita',434,32),
    (157,'Loreno',435,33),
    (158,'Cetan',436,33),
    (159,'Paul',437,33),
    (160,'Tar',438,33),
    (161,'Somsak',439,33),
    (162,'Janet',440,34),
    (163,'Leo',441,34),
    (164,'Tasha',442,34),
    (165,'Samuel',443,34),
    (166,'Evan',444,34),
    (167,'Danny Dolinski',445,35),
    (168,'Anata',446,35),
    (169,'Wihlborg',447,35),
    (170,'Datta',448,35),
    (171,'Ritchie',449,35),
    (172,'Ariel Ecton',450,36),
    (173,'Alfred Moretti',451,36),
    (174,'Clara Armstrong',452,36),
    (175,'Stan Sullivan',453,36),
    (176,'Bianca Tyson',454,36),
    (177,'Eddie Brock / Venom',455,37),
    (178,'Strickland',456,37),
    (179,'Dr. Teddy Paine',457,37),
    (180,'Martin',458,37),
    (181,'Detective Mulligan',459,37),
    (182,'Miss Behave',460,38),
    (183,'Mean Joe Lean',461,38),
    (184,'Enigma',462,38),
    (185,'Kate the Great',463,38),
    (186,'Leader',464,38),
    (187,'Lola',465,39),
    (188,'Iñigo',466,39),
    (189,'Majo',467,39),
    (190,'Cuau',468,39),
    (191,'Dra. Graham',469,39),
    (192,'Major Mukund Varadarajan',470,40),
    (193,'Indhu Rebecca Varghese',471,40),
    (194,'Colonel Amit Singh Dabas',472,40),
    (195,'Vikram Singh',473,40),
    (196,'Ravi Shankar',474,40),
    (197,'Sergei Kravinoff / Kraven the Hunter',475,41),
    (198,'Calypso Ezili',476,41),
    (199,'Dmitri Kravinoff',477,41),
    (200,'Aleksei Sytsevich',478,41),
    (201,'The Foreigner',479,41),
    (202,'Plankton / Teen Plankton / Rube / Snorkler (voice)',480,42),
    (203,'Karen / All the Karens / Alarm Voice / Stiletto Woman / Old Lady Cane (voice)',481,42),
    (204,'SpongeBob / Random Student / Gary / French Narrator (voice)',482,42),
    (205,'Patrick / Troop (voice)',483,42),
    (206,'Squidward / Fish Troop / Goofy Goober Employee (voice)',484,42),
    (207,'Seo Do-cheol',485,43),
    (208,'Park Sun-woo',486,43),
    (209,'Oh Jae-pyeong',487,43),
    (210,'Wang Dong-hyun',488,43),
    (211,'Bong Yoon-ju',489,43),
    (212,'Nathan Caine',490,44),
    (213,'Sherry',491,44),
    (214,'Simon',492,44),
    (215,'Roscoe',493,44),
    (216,'Mincy',494,44),
    (217,'Toshizou Hijikata (voice)',495,45),
    (218,'Tatsunosuke Ichimura (voice)',496,45),
    (219,'Souji Okita (voice)',497,45),
    (220,'Susumu Yamazaki (voice)',498,45),
    (221,'Tetsunosuke Ichimura (voice)',387,45),
    (222,'Lucius',499,46),
    (223,'Macrinus',500,46),
    (224,'General Acacius',501,46),
    (225,'Lucilla',502,46),
    (226,'Emperor Geta',503,46),
    (227,'',504,47),
    (228,'',505,47),
    (229,'',506,47),
    (230,'Grace (voice)',507,48),
    (231,'Gilbert (voice)',508,48),
    (232,'Pinky (voice)',509,48),
    (233,'Ruth Appleby (voice)',510,48),
    (234,'Percy Pudel (voice)',511,48),
    (235,'Luis / Scorpex',512,49),
    (236,'Vestax',513,49),
    (237,'Rose',514,49),
    (238,'Molotov',515,49),
    (239,'Toni',516,49),
    (240,'Kumar Om Ahuja ''Tiger''',517,50),
    (241,'T. Krishna Vijaya ''Tabby''',518,50),
    (242,'Preeti Ahuja',519,50),
    (243,'Geeta Vijaya',520,50),
    (244,'Ahmed Hussain',521,50),
    (245,'Hal / Bill',522,51),
    (246,'Lois Shelburn',523,51),
    (247,'Young Hal / Young Bill',524,51),
    (248,'Petey',525,51),
    (249,'Capt. Petey Shelburn',526,51),
    (250,'Nancy Vandergroot',527,52),
    (251,'Dave Delgado',528,52),
    (252,'Fred Vandergroot',529,52),
    (253,'Harry Vandergroot',530,52),
    (254,'Squiggs Graumann',531,52),
    (255,'Jessica',537,54),
    (256,'Mika',538,54),
    (257,'Sophia',539,54),
    (258,'Dan',540,54),
    (259,'Aimee',541,54),
    (260,'Roz / Rummage (voice)',542,55),
    (261,'Fink (voice)',501,55),
    (262,'Brightbill (voice)',543,55),
    (263,'Longneck (voice)',544,55),
    (264,'Vontra (voice)',545,55),
    (265,'Iris',546,56),
    (266,'Josh',490,56),
    (267,'Patrick',547,56),
    (268,'Kat',548,56),
    (269,'Eli',549,56),
    (270,'Jackie',550,57),
    (271,'Su Xiaozhu',551,57),
    (272,'David',552,57),
    (273,'Cha Kun',553,57),
    (274,'Harry',554,57),
    (275,'Wade Wilson / Deadpool / Nicepool',555,58),
    (276,'Logan / Wolverine',556,58),
    (277,'Cassandra Nova',557,58),
    (278,'Mr. Paradox',529,58),
    (279,'Laura / X-23',558,58),
    (280,'Gru (voice)',559,59),
    (281,'Lucy (voice)',560,59),
    (282,'Maxime (voice)',561,59),
    (283,'Valentina (voice)',562,59),
    (284,'Margo (voice)',563,59),
    (285,'Bibi (voice) ARG',564,60),
    (286,'Alex (voice) ARG',565,60),
    (287,'Directora (voice) ARG',566,60),
    (288,'Robonito / Bitt / Bitty (voice) ARG',567,60),
    (289,'Lunático / Ruti Nario / Profesor de gimnasia (voice) ARG',568,60),
    (290,'Shun Mizushino (voice) (archive footage)',113,61),
    (291,'Kenta Morobishi (voice) (archive footage)',114,61),
    (292,'Aoi Mizushino (voice) (archive footage)',115,61),
    (293,'Shizuku Kousaka (voice) (archive footage)',116,61),
    (294,'Shin Mogami (voice) (archive footage)',117,61),
    (295,'Noah Morgan',569,62),
    (296,'Nick Leister',570,62),
    (297,'Rafaela',571,62),
    (298,'William Leister',572,62),
    (299,'Jenna',573,62),
    (300,'Heller',574,63),
    (301,'Schiller',575,63),
    (302,'Henderson',576,63),
    (303,'Sarah',577,63),
    (304,'The Bear',578,63),
    (305,'Joy (voice)',579,64),
    (306,'Anxiety (voice)',580,64),
    (307,'Riley (voice)',581,64),
    (308,'Disgust (voice)',582,64),
    (309,'Fear (voice)',583,64),
    (310,'Marvin Gable',584,65),
    (311,'Rose Carlisle',476,65),
    (312,'Alvin \"Knuckles\" Gable',585,65),
    (313,'The Raven',586,65),
    (314,'Ashley',587,65),
    (315,'Elisabeth',588,66),
    (316,'Sue',589,66),
    (317,'Harvey',590,66),
    (318,'Fred',591,66),
    (319,'Oliver',592,66),
    (320,'Dog Man / Officer Knight / Harold''s House (voice)',593,67),
    (321,'Petey the Cat (voice)',594,67),
    (322,'Chief (voice)',595,67),
    (323,'Sarah Hatoff (voice)',596,67),
    (324,'Li''l Petey (voice)',597,67),
    (325,'Xander Cage',598,68),
    (326,'Yelena',599,68),
    (327,'Yorgi',600,68),
    (328,'Agent Augustus Gibbons',601,68),
    (329,'Agent Toby Lee Shavers',602,68),
    (330,'Dalia',603,69),
    (331,'',604,69),
    (332,'',605,69),
    (333,'',606,69),
    (334,'Antoine Cerda',607,70),
    (335,'Sami Belkaïm',608,70),
    (336,'Richard Esteves',609,70),
    (337,'Hanna Levasseur',610,70),
    (338,'Charles Balestra',611,70),
    (339,'Cooper',612,71),
    (340,'Brand',613,71),
    (341,'Professor Brand',614,71),
    (342,'Murph',615,71),
    (343,'Tom',616,71),
    (344,'Himself',617,72),
    (345,'Ani',618,73),
    (346,'Ivan',619,73),
    (347,'Igor',620,73),
    (348,'Toros',621,73),
    (349,'Garnik',622,73),
    (350,'Andrés',623,74),
    (351,'Sara',624,74),
    (352,'Lara',625,74),
    (353,'Benja',626,74),
    (354,'Ibra',627,74),
    (355,'Don Vito Corleone',628,75),
    (356,'Michael Corleone',629,75),
    (357,'Sonny Corleone',630,75),
    (358,'Tom Hagen',631,75),
    (359,'Clemenza',632,75),
    (360,'Henry Hart / Kid Danger',633,76),
    (361,'Jasper Dunlop / Captain ''Stache',634,76),
    (362,'Piper Hart',635,76),
    (363,'Schwoz',636,76),
    (364,'Frankini / Fangkini',637,76),
    (365,'Michelle',638,77),
    (366,'Marie-Claude',639,77),
    (367,'Valérie',640,77),
    (368,'Vincent',641,77),
    (369,'Le médecin de Michelle',642,77),
    (370,'Michelle',643,78),
    (371,'Keats',644,78),
    (372,'Dr. Amherst / P.C (voice)',584,78),
    (373,'Ted / Wingman',645,78),
    (374,'Christopher',646,78),
    (375,'Mirtha del Cañón',647,79),
    (376,'Bartolo',648,79),
    (377,'Mary',649,79),
    (378,'Alan',650,79),
    (379,'',651,79),
    (380,'Callum Drift',342,80),
    (381,'Jack O''Malley',652,80),
    (382,'Zoe',446,80),
    (383,'Nick',653,80),
    (384,'Mrs. Claus',654,80),
    (385,'Ellis Boyd ''Red'' Redding',655,81),
    (386,'Andy Dufresne',656,81),
    (387,'Warden Norton',657,81),
    (388,'Heywood',658,81),
    (389,'Captain Byron T. Hadley',659,81),
    (390,'Noah',660,82),
    (391,'Nick',661,82),
    (392,'Ella',662,82),
    (393,'William',298,82),
    (394,'Jenna',663,82),
    (395,'Mr. Reed',664,83),
    (396,'Sister Barnes',546,83),
    (397,'Sister Paxton',665,83),
    (398,'Elder Kennedy',398,83),
    (399,'Prophet',666,83),
    (400,'Andreas Egger (18-47)',667,84),
    (401,'Andreas Egger (58-80)',668,84),
    (402,'Hubert',669,84),
    (403,'Marie',670,84),
    (404,'Wirt',671,84),
    (405,'Duncan Allcock',672,85),
    (406,'David Yuasa',673,85),
    (407,'Chris Lemons',674,85),
    (408,'Andre Jenson (Captain)',675,85),
    (409,'Craig (Dive Supervisor)',676,85),
    (410,'Angela',677,86),
    (411,'Nicola Pischella',678,86),
    (412,'Peppino',679,86),
    (413,'Carlo Pischella',680,86),
    (414,'Zio Saverio',681,86),
    (415,'Noah Morgan',569,87),
    (416,'Nick Leister',570,87),
    (417,'Rafaela',571,87),
    (418,'William Leister',572,87),
    (419,'Jenna',573,87),
    (420,'Will',289,88),
    (421,'Nina',682,88),
    (422,'Katie',683,88),
    (423,'Hunter',684,88),
    (424,'Tara',685,88),
    (425,'Self',686,89),
    (426,'Self',687,89),
    (427,'Self',688,89),
    (428,'Self',689,89),
    (429,'Self',690,89),
    (430,'Elphaba',691,90),
    (431,'Galinda / Glinda',692,90),
    (432,'The Wonderful Wizard of Oz',693,90),
    (433,'Madame Morrible',694,90),
    (434,'Fiyero',695,90),
    (435,'Chloe Blu Payne',696,91),
    (436,'Rebekah Payne',446,91),
    (437,'Chris Payne',697,91),
    (438,'Tyler Payne',698,91),
    (439,'Cece',699,91),
    (440,'Lim Kyu-nam',700,92),
    (441,'Lee Hyun-sang',701,92),
    (442,'Kim Dong-hyuk',702,92),
    (443,'Major Cha',703,92),
    (444,'Lieutenant Hong',704,92),
    (445,'Laura Torricelli',705,93),
    (446,'Massimo Torricelli / Adriano Torricelli',706,93),
    (447,'Marcelo ''Nacho'' Matos',707,93),
    (448,'Olga',708,93),
    (449,'Domenico',709,93),
    (450,'',710,94),
    (451,'',711,94),
    (452,'',712,94),
    (453,'',713,94),
    (454,'',714,94),
    (455,'Matt',715,95),
    (456,'Emily',716,95),
    (457,'Alice',717,95),
    (458,'Leo',718,95),
    (459,'Chuck',719,95),
    (460,'Paddington Brown (voice)',720,96),
    (461,'Henry Brown',721,96),
    (462,'Mary Brown',722,96),
    (463,'Jonathan Brown',723,96),
    (464,'Judy Brown',724,96),
    (465,'Ray Ashford',336,97),
    (466,'Ada (voice)',337,97),
    (467,'Hank',338,97),
    (468,'Emiliana Newton',339,97),
    (469,'Lux',340,97),
    (470,'Nancy',532,98),
    (471,'Jasper',533,98),
    (472,'Kristof',534,98),
    (473,'Alona',535,98),
    (474,'Benjo',536,98),
    (475,'Sachiyo',725,99),
    (476,'Reiko',726,99),
    (477,'Machiko',727,99),
    (478,'Wada',728,99),
    (479,'Hayasaka',729,99);

INSERT INTO movie_genre (movie_id, genre_id) VALUES
    (1,12),
    (1,2),
    (1,16),
    (1,17),
    (2,18),
    (2,19),
    (2,9),
    (2,8),
    (3,18),
    (3,16),
    (4,18),
    (4,19),
    (4,20),
    (5,18),
    (5,19),
    (6,17),
    (6,16),
    (6,18),
    (7,21),
    (7,3),
    (8,18),
    (8,8),
    (8,19),
    (9,20),
    (9,2),
    (9,16),
    (10,18),
    (10,19),
    (10,8),
    (11,18),
    (11,19),
    (12,18),
    (12,22),
    (13,18),
    (13,3),
    (14,6),
    (14,16),
    (14,12),
    (14,2),
    (15,23),
    (15,19),
    (15,17),
    (16,16),
    (16,12),
    (16,6),
    (17,23),
    (18,18),
    (18,20),
    (18,2),
    (18,12),
    (18,16),
    (18,17),
    (19,17),
    (19,23),
    (20,23),
    (20,19),
    (21,3),
    (21,9),
    (21,19),
    (22,23),
    (23,6),
    (23,18),
    (24,23),
    (25,18),
    (25,8),
    (25,19),
    (26,23),
    (26,19),
    (26,3),
    (27,12),
    (27,17),
    (28,21),
    (28,2),
    (28,3),
    (29,18),
    (29,16),
    (29,19),
    (30,21),
    (30,3),
    (30,20),
    (31,21),
    (31,20),
    (31,19),
    (32,18),
    (32,8),
    (32,17),
    (32,19),
    (33,18),
    (33,8),
    (33,19),
    (34,19),
    (35,18),
    (35,2),
    (36,23),
    (36,9),
    (36,19),
    (37,18),
    (37,20),
    (37,16),
    (38,18),
    (38,23),
    (39,2),
    (40,18),
    (40,3),
    (40,16),
    (40,22),
    (41,18),
    (41,16),
    (41,19),
    (42,6),
    (42,16),
    (42,2),
    (42,12),
    (42,17),
    (43,18),
    (43,8),
    (44,18),
    (44,2),
    (44,19),
    (45,6),
    (45,24),
    (45,18),
    (45,3),
    (45,17),
    (45,21),
    (46,18),
    (46,16),
    (46,3),
    (47,23),
    (48,6),
    (48,3),
    (48,2),
    (49,2),
    (49,25),
    (50,18),
    (50,19),
    (51,23),
    (51,2),
    (52,19),
    (52,9),
    (53,6),
    (53,17),
    (53,16),
    (54,19),
    (54,18),
    (55,6),
    (55,20),
    (55,12),
    (56,23),
    (56,19),
    (56,20),
    (57,18),
    (57,2),
    (58,18),
    (58,2),
    (58,20),
    (59,6),
    (59,12),
    (59,2),
    (59,20),
    (60,6),
    (60,16),
    (61,18),
    (61,16),
    (61,17),
    (61,6),
    (62,21),
    (62,3),
    (63,19),
    (63,18),
    (64,6),
    (64,16),
    (64,2),
    (64,12),
    (65,18),
    (65,2),
    (65,21),
    (66,23),
    (66,20),
    (67,12),
    (67,2),
    (67,16),
    (67,6),
    (68,18),
    (68,16),
    (68,19),
    (68,8),
    (69,16),
    (69,3),
    (69,17),
    (69,6),
    (70,18),
    (70,8),
    (70,3),
    (70,19),
    (71,16),
    (71,3),
    (71,20),
    (72,13),
    (73,3),
    (73,2),
    (73,21),
    (74,2),
    (75,3),
    (75,8),
    (76,18),
    (76,2),
    (76,12),
    (76,20),
    (77,3),
    (77,19),
    (77,2),
    (78,20),
    (78,16),
    (78,18),
    (79,2),
    (80,18),
    (80,2),
    (80,17),
    (81,3),
    (81,8),
    (82,21),
    (82,3),
    (83,23),
    (83,19),
    (84,3),
    (84,24),
    (85,19),
    (85,3),
    (86,2),
    (87,21),
    (87,3),
    (88,18),
    (88,20),
    (88,19),
    (89,13),
    (90,3),
    (90,21),
    (90,17),
    (91,23),
    (91,3),
    (91,19),
    (92,18),
    (92,3),
    (93,21),
    (93,3),
    (94,23),
    (95,18),
    (95,2),
    (96,12),
    (96,2),
    (96,16),
    (97,19),
    (97,20),
    (98,3),
    (98,21),
    (99,2);

INSERT INTO series_cast (id, character_name, actor_id, series_id) VALUES
    (1,'Chloé Delcourt',87,1),
    (2,'Laurence',88,1),
    (3,'Alex Bertrand',89,1),
    (4,'Lucie Salducci',90,1),
    (5,'Karim Saeed',91,1),
    (6,'Rita Gomes Moraes',118,2),
    (7,'Filipe Pinheiro Henriques',119,2),
    (8,'Lígia Pinheiro Henriques',120,2),
    (9,'Joaquim Henriques',121,2),
    (10,'Luiz Peixoto',122,2),
    (11,'Nobita Nobi (voice)',124,3),
    (12,'Doraemon (voice)',125,3),
    (13,'Shizuka Minamoto (voice)',126,3),
    (14,'Suneo Honekawa (voice)',127,3),
    (15,'Takeshi Gouda (voice)',128,3),
    (16,'Ana Rita Soares',157,4),
    (17,'Verónica Lima',158,4),
    (18,'Monique dos Santos',159,4),
    (19,'Cristina/Beta',160,4),
    (20,'Vera Gomes',161,4),
    (21,'Self - Host',176,5),
    (22,'Molly Kochan',177,6),
    (23,'Nikki Boyer',178,6),
    (24,'Steve',179,6),
    (25,'Noah',180,6),
    (26,'Dr. Pankowitz',181,6),
    (27,'Shishimaru',236,8),
    (28,'Kemuzou Kemumaki',237,8),
    (29,'Shinzu Hattori',238,8),
    (30,'Kenichi Mitsuba',239,8),
    (31,'Yumeko Kawai (voice)',240,8),
    (32,'Josefina Vidal',245,9),
    (33,'Elvira',246,9),
    (34,'Federico Ibarra',247,9),
    (35,'Victoria Vázquez',248,9),
    (36,'Benjamín Vázquez',249,9),
    (37,'Himself - Host',255,10),
    (38,'Self - Host',1,11),
    (39,'Self - Host',2,12),
    (40,'Self - Announcer',3,12),
    (41,'Prof. Dr. Dr. Hans-Joachim ''Jo'' Gerner',4,13),
    (42,'Emily Höfer-Wiedmann',5,13),
    (43,'Self - Host',6,14),
    (44,'Self - Host',7,16),
    (45,'Takane Takamine (voice)',8,17),
    (46,'Koushi Shirota (voice)',9,17),
    (47,'Ellie Evergreen (voice)',10,17),
    (48,'Rurika Kurosaki (voice)',11,17),
    (49,'Self - Host',12,18),
    (50,'Self - Host',13,19),
    (51,'Werner Saalfeld',14,21),
    (52,'Alfons Sonnbichler',15,21),
    (53,'Hildegard Sonnbichler',16,21),
    (54,'Maxi Saalfeld',17,21),
    (55,'Roland Marci',18,22),
    (56,'Thomas Marci',19,22),
    (57,'Sabrina Gocelin',20,22),
    (58,'Blanche Marci',21,22),
    (59,'Céline Frémont',22,22),
    (60,'Peris',23,23),
    (61,'David Peris',24,23),
    (62,'Max Carbó',25,23),
    (63,'Iago',26,23),
    (64,'Montse Borràs',27,23),
    (65,'Self - Host',28,24),
    (66,'Self - Host',29,24),
    (67,'Self - Host',30,25),
    (68,'Self -Musical Director',31,25),
    (69,'Self - Announcer (voice)',32,25),
    (70,'Self - Host',33,26),
    (71,'Self - Moderator',34,26),
    (72,'Olivia Benson',35,27),
    (73,'Odafin ''Fin'' Tutuola',36,27),
    (74,'Dominick ''Sonny'' Carisi Jr.',37,27),
    (75,'Joe Velasco',38,27),
    (76,'Terry Bruno',39,27),
    (77,'Ettore Ferri',40,28),
    (78,'Laura Beccaria',41,28),
    (79,'Carol Grimani',42,28),
    (80,'Sebastian Castelli',43,28),
    (81,'Marco Della Rocca/Lorenzo Marasco',44,28),
    (82,'Various characters (voice)',45,29),
    (83,'Various characters (voice)',46,29),
    (84,'Various characters (puppeteer)',47,29),
    (85,'Various characters (puppeteer)',48,29),
    (86,'Self - Host',49,30),
    (87,'Self - Bandleader',50,30),
    (88,'Meredith Grey',51,31),
    (89,'Miranda Bailey',52,31),
    (90,'Richard Webber',53,31),
    (91,'Owen Hunt',54,31),
    (92,'Amelia Shepherd',55,31),
    (93,'Host',56,32),
    (94,'Assistant Host',57,32),
    (95,'Band Leader',58,32),
    (96,'Ricardo Dalisay',59,33),
    (97,'Mara',60,33),
    (98,'Lola Flora Borja',61,33),
    (99,'General Delfin Borja',62,33),
    (100,'Director Renato Hipolito',63,33),
    (101,'Self - Presenter',64,34),
    (102,'Self - Host',65,34),
    (103,'Self - Host',66,34),
    (104,'Self - Host',67,34),
    (105,'Self - Host',68,34),
    (106,'Self - Host',69,35),
    (107,'Jochem Damstra',70,36),
    (108,'Noor Benschop',71,36),
    (109,'Maxima Paraat',72,36),
    (110,'Lesley Huf',73,36),
    (111,'Gioia Kramer',74,36),
    (112,'Self - Host',75,37),
    (113,'Berényi Miklós',76,38),
    (114,'dr Balogh Nóra',77,38),
    (115,'Berényi Tímea',78,38),
    (116,'Nádor Kinga',79,38),
    (117,'Self - Host',80,39),
    (118,'Self - Host',81,40),
    (119,'Hub Halloran',82,41),
    (120,'Maryanne',83,41),
    (121,'Kitty',84,41),
    (122,'Lucky',85,41),
    (123,'Cade',86,41),
    (124,'Self - Co-Host',92,42),
    (125,'Self - Co-Host',93,42),
    (126,'Self - Host',94,42),
    (127,'Self - Host',7,43),
    (128,'Diego de la Vega',95,44),
    (129,'Cayetana de la Vega',96,44),
    (130,'Jimena Fernández',97,44),
    (131,'Santi Rodríguez',98,44),
    (132,'Beatriz Berlanga Echegaray',99,44),
    (133,'Richard Steinkamp',100,45),
    (134,'Simone Steinkamp',101,45),
    (135,'Ingo Zadek',102,45),
    (136,'Marian Öztürk',103,45),
    (137,'Deniz Öztürk',104,45),
    (138,'Tomás León',105,46),
    (139,'Self - Host',106,47),
    (140,'Self - Panelist',107,47),
    (141,'Self - Panelist',108,47),
    (142,'Self - Panelist',109,47),
    (143,'Self - Panelist',110,47),
    (144,'Troj Veerman',111,48),
    (145,'Elisa Rosalia',112,48),
    (146,'Shun Mizushino (voice)',113,49),
    (147,'Kenta Morobishi (voice)',114,49),
    (148,'Aoi Mizushino (voice)',115,49),
    (149,'Shizuku Kousaka (voice)',116,49),
    (150,'Shin Mogami (voice)',117,49),
    (151,'Self - Host',123,50),
    (152,'Claire',129,51),
    (153,'Manu',130,51),
    (154,'John Nolan',131,53),
    (155,'Lucy Chen',132,53),
    (156,'Angela Lopez',133,53),
    (157,'Tim Bradford',134,53),
    (158,'Nyla Harper',135,53),
    (159,'Self - Host',136,54),
    (160,'Self',137,54),
    (161,'Nora Naudé',138,55),
    (162,'Niek Naudé',139,55),
    (163,'Ester \"Nenna\" Willemse',140,55),
    (164,'Louwna Vorster Edwards',141,55),
    (165,'Bertie Roelofse',142,55),
    (166,'Self - Announcer (voice)',143,56),
    (167,'Casilda Escolano',144,57),
    (168,'Fabiana Aguado',145,57),
    (169,'Lolita Casado',146,57),
    (170,'Servando Gallo',147,57),
    (171,'Felipe Álvarez-Hermoso',148,57),
    (172,'Self - Host',149,58),
    (173,'Self - Host',150,58),
    (174,'Self - Host',151,60),
    (175,'Lisa Plenske',152,62),
    (176,'Hannah Refrath',153,62),
    (177,'Bruno Lehmann',154,62),
    (178,'Hugo Haas',155,62),
    (179,'David Seidel',156,62),
    (180,'Lasse Sievinen',162,63),
    (181,'Aki Nikkinen',163,63),
    (182,'Ismo Laitela',164,63),
    (183,'Aaro Vaalanne',165,63),
    (184,'Kari Taalasmaa',166,63),
    (185,'Tyrion ''The Halfman'' Lannister',167,65),
    (186,'Jon Snow',168,65),
    (187,'Sir Jaime ''Kingslayer'' Lannister',169,65),
    (188,'Cersei Lannister',170,65),
    (189,'Daenerys Targaryen',171,65),
    (190,'Self - Contestant',172,66),
    (191,'Self - Host',173,67),
    (192,'Ken Barlow',174,68),
    (193,'Self - Host',136,69),
    (194,'Self - Announcer (voice)',175,69),
    (195,'Self',182,71),
    (196,'Barry Allen / The Flash',183,72),
    (197,'Iris West-Allen',184,72),
    (198,'Khione',185,72),
    (199,'Cecile Horton',186,72),
    (200,'Allegra Garcia',187,72),
    (201,'Host',188,73),
    (202,'The Banker',189,73),
    (203,'Timothy McGee',190,74),
    (204,'Nick Torres',191,74),
    (205,'Jessica Knight',192,74),
    (206,'Jimmy Palmer',193,74),
    (207,'Leon Vance',194,74),
    (208,'Self - Host',195,75),
    (209,'Self - Host',30,76),
    (210,'Sam Winchester',196,77),
    (211,'Dean Winchester',197,77),
    (212,'Castiel',198,77),
    (213,'Dr. Roland Heilmann',199,78),
    (214,'Charlotte Gauss',200,78),
    (215,'Dr. Kathrin Globisch',201,78),
    (216,'Sarah Marquardt',202,78),
    (217,'Barbara Grigoleit',203,78),
    (218,'Homer Simpson / Abe Simpson / Barney Gumble / Krusty (voice)',204,79),
    (219,'Marge Simpson / Patty Bouvier / Selma Bouvier (voice)',205,79),
    (220,'Bart Simpson / Nelson Muntz / Ralph Wiggum (voice)',206,79),
    (221,'Lisa Simpson (voice)',207,79),
    (222,'Moe Szyslak / Chief Wiggum / Apu / Comic Book Guy / Carl (voice)',208,79),
    (223,'Ann Reynolds',209,80),
    (224,'Joan \"The Freak\" Ferguson',210,80),
    (225,'Reb Kean',211,80),
    (226,'Meg Morris',212,80),
    (227,'Lou Kelly',213,80),
    (228,'Self',214,82),
    (229,'Self',215,82),
    (230,'Self',216,82),
    (231,'Self',217,82),
    (232,'Self',218,82),
    (233,'Sprecher',219,83),
    (234,'Zoodirektor',220,83),
    (235,'Claudia Miralles',221,84),
    (236,'Antonio Torres',222,84),
    (237,'Fernando Quintero',223,84),
    (238,'María López',224,84),
    (239,'Emilio Bremón',225,84),
    (240,'Krystal Carey',226,86),
    (241,'Tad Martin',227,86),
    (242,'',228,87),
    (243,'',229,87),
    (244,'',230,87),
    (245,'',231,87),
    (246,'',232,87),
    (247,'Walden Schmidt',233,88),
    (248,'Alan Harper',234,88),
    (249,'Berta',235,88),
    (250,'Blake Howard',241,89),
    (251,'\"Road Dogg\" Jesse James',242,89),
    (252,'Self - Host',243,90),
    (253,'Self - Host',244,90),
    (254,'François d''Arc',250,91),
    (255,'Ysabeau',251,91),
    (256,'Jean Plancher',252,91),
    (257,'Renata Plancher',253,91),
    (258,'Comte Philippe Honoré de Roche Saint-Pierre',254,91),
    (259,'Self - Host',256,92),
    (260,'Avelino Cañete',257,93),
    (261,'Pepa Villarejo',258,93),
    (262,'Miguel Costa',259,93),
    (263,'Marina Bermúdez',260,93),
    (264,'Berta García',261,93),
    (265,'Kate Bohr',262,95),
    (266,'Laurie Duffy',263,95),
    (267,'Rick Hatchett',264,95),
    (268,'Piper Ratliff',265,95),
    (269,'Timothy Ratliff',266,95),
    (270,'DJ',267,96),
    (271,'DJ',268,96),
    (272,'Self - Host',269,99),
    (273,'Self - Host',270,100),
    (274,'Self - Host',271,100),
    (275,'Self - Host',272,100),
    (276,'Self - Extreme Traveler and Book Author',273,100);


INSERT INTO series_genre (series_id, genre_id) VALUES
    (1,8),
    (1,3),
    (2,4),
    (3,11),
    (3,6),
    (3,2),
    (3,7),
    (3,14),
    (3,12),
    (4,3),
    (4,2),
    (4,4),
    (5,2),
    (5,1),
    (6,3),
    (6,2),
    (7,2),
    (7,11),
    (7,14),
    (7,6),
    (7,12),
    (8,6),
    (8,11),
    (8,2),
    (8,12),
    (8,14),
    (9,2),
    (9,3),
    (10,10),
    (11,1),
    (12,2),
    (12,1),
    (13,3),
    (13,4),
    (14,1),
    (14,2),
    (15,1),
    (15,5),
    (16,2),
    (16,1),
    (17,6),
    (17,2),
    (17,7),
    (18,2),
    (18,1),
    (19,1),
    (19,2),
    (20,5),
    (20,2),
    (21,3),
    (21,4),
    (22,3),
    (22,2),
    (22,8),
    (23,4),
    (24,2),
    (25,1),
    (25,2),
    (26,5),
    (26,1),
    (27,8),
    (27,3),
    (27,9),
    (28,4),
    (28,3),
    (29,5),
    (29,2),
    (29,1),
    (29,10),
    (30,1),
    (31,3),
    (32,10),
    (33,3),
    (33,11),
    (34,10),
    (35,1),
    (36,2),
    (36,3),
    (36,4),
    (37,1),
    (38,3),
    (38,12),
    (39,5),
    (40,5),
    (40,1),
    (41,11),
    (41,7),
    (41,2),
    (42,5),
    (43,5),
    (43,2),
    (44,3),
    (44,2),
    (45,4),
    (45,3),
    (46,2),
    (46,3),
    (47,10),
    (48,4),
    (49,6),
    (49,11),
    (49,7),
    (50,13),
    (50,10),
    (51,4),
    (52,4),
    (52,3),
    (53,8),
    (53,3),
    (53,2),
    (54,1),
    (54,2),
    (54,5),
    (55,4),
    (56,10),
    (56,12),
    (57,3),
    (58,1),
    (59,3),
    (59,4),
    (60,1),
    (62,4),
    (63,4),
    (63,3),
    (64,6),
    (64,11),
    (64,7),
    (65,7),
    (65,3),
    (65,11),
    (66,10),
    (67,1),
    (68,4),
    (69,2),
    (69,1),
    (70,1),
    (71,15),
    (72,3),
    (72,7),
    (74,8),
    (74,3),
    (74,11),
    (75,1),
    (76,2),
    (76,1),
    (77,3),
    (77,9),
    (77,7),
    (78,4),
    (79,12),
    (79,6),
    (79,2),
    (80,4),
    (80,3),
    (81,5),
    (82,10),
    (83,13),
    (83,10),
    (84,3),
    (85,1),
    (86,4),
    (87,11),
    (88,2),
    (89,11),
    (89,3),
    (89,10),
    (90,10),
    (91,2),
    (91,12),
    (92,1),
    (92,2),
    (93,2),
    (94,10),
    (95,2),
    (95,3),
    (95,9),
    (97,5),
    (98,14),
    (98,12),
    (99,12),
    (99,2),
    (100,1),
    (100,5);
